Station_Name,Street_Address,City,Access_Days_Time,EV_Level1_EVSE_Num,EV_Level2_EVSE_Num,EV_DC_Fast_Count,EV_Other_Info,New_Georeferenced_Column,Category,Latitude,Longitude,Total_EVSE_Num,distance_to_A,distance_to_B,geometry,Station_Category,Address_Number,Charger_Category
BMW OF DARIEN,138-142 Ledge Rd,Darien,24 hours daily,0,2,0,NONE,POINT (-73.4764687 41.072882),Daily,41.072882,-73.4764687,2,43.71981652492293,35.803134786611,POINT (-73.4764687 41.072882),Level 2 only,0,1-3
Dunkinâ€™ - Tesla Supercharger,893 E Main St,Meriden,24 hours daily; for tesla use only,0,0,8,NONE,POINT (-72.773473 41.527367),Tesla,41.527367,-72.773473,8,59.85230153549091,58.73107092621719,POINT (-72.773473 41.527367),DC Fast only,1,7-9
Town of Beacon Falls - Commuter Lot,105 N Main St,Beacon Falls,24 hours daily,0,1,0,NONE,POINT (-73.065583 41.44548100000001),Daily,41.44548100000001,-73.065583,1,35.177523407635945,32.955946733635685,POINT (-73.065583 41.44548100000001),Level 2 only,2,1-3
OLD SAYBROOK VW,319 Middlesex Turnpike,Old Saybrook,24 hours daily,0,2,0,NONE,POINT (-72.3825 41.3102778),Daily,41.3102778,-72.3825,2,93.885243220728,90.15932011861359,POINT (-72.3825 41.3102778),Level 2 only,3,1-3
Fairfield Rail Station,80 Mill Plain Rd,Fairfield,24 hours daily,0,2,0,NONE,POINT (-73.264511 41.143125),Daily,41.143125,-73.264511,2,40.407185631851256,32.1478224438108,POINT (-73.264511 41.143125),Level 2 only,4,1-3
FOUNDRY66,50 Franklin St,Norwich,24 hours daily,0,2,0,NONE,POINT (-72.0741188 41.525611),Daily,41.525611,-72.0741188,2,118.04849891555965,116.1964877593748,POINT (-72.0741188 41.525611),Level 2 only,5,1-3
Corbins Corner Shopping Center - Tesla Supercharger,1445 New Britain Ave.,West Hartford,24 hours daily; for tesla use only,0,0,8,NONE,POINT (-72.759717 41.722672),Tesla,41.722672,-72.759717,8,66.88094708225451,68.41357390522477,POINT (-72.759717 41.722672),DC Fast only,6,7-9
GLASTONBURYEV,2327-2333 Main St,Glastonbury,24 hours daily,0,2,0,NONE,POINT (-72.6086744 41.711717),Daily,41.711717,-72.6086744,2,78.03332280789787,78.81883629342093,POINT (-72.6086744 41.711717),Level 2 only,7,1-3
Whole Foods Market,150 Ledge Rd,Darien,8am-10pm daily; for customer use only,4,0,0,NONE,POINT (-73.476189 41.072919),Daily,41.072919,-73.476189,4,43.71612812394991,35.79780580122516,POINT (-73.476189 41.072919),Level 1 only,8,4-6
Mystic Marriott Hotel and Spa,625 North Rd,Groton,24 hours daily; guest use only; see front desk for access,0,1,0,NONE,POINT (-72.026147 41.365973),Daily,41.365973,-72.026147,1,122.53028391762248,119.4818736460169,POINT (-72.026147 41.365973),Level 2 only,9,1-3
Brass Mill Center - Shoppers World,495 Union St,Waterbury,6am-12am daily,0,2,0,NONE,POINT (-73.025659 41.550922),Daily,41.550922,-73.025659,2,39.533144692230934,39.759788903677034,POINT (-73.025659 41.550922),Level 2 only,10,1-3
University of Connecticut Health - Center Garage,263 Farmington Ave,Farmington,24 hours daily,0,4,0,NONE,POINT (-72.79061800000001 41.730405),Daily,41.730405,-72.79061800000001,4,64.93873662845948,66.71870953835473,POINT (-72.79061800000001 41.730405),Level 2 only,11,4-6
D'Addario Nissan,329 Bridgeport Ave,Shelton,dealership business hours,0,1,1,NONE,POINT (-73.106051 41.299792),Business Hours,41.299792,-73.106051,2,36.756857280800915,30.97475931247089,POINT (-73.106051 41.299792),Level 2 and DC Fast,12,1-3
CT RAIL,198 N Cherry St,Wallingford,24 hours daily,0,2,0,NONE,POINT (-72.8231924 41.4618954),Daily,41.4618954,-72.8231924,2,55.34775608167581,53.252508841262106,POINT (-72.8231924 41.4618954),Level 2 only,13,1-3
Hampton Inn & Suites Rocky Hill - Hartford South - Tesla Destination,685 Cromwell Ave,Rocky Hill,24 hours daily; for customer use only; see front desk for access,0,2,0,NONE,POINT (-72.679679 41.650999),Daily,41.650999,-72.679679,2,70.29044617884917,70.61630335203401,POINT (-72.679679 41.650999),Level 2 only,14,1-3
Goodwives Shopping Center,25 Old Kings Hwy,Darien,24 hours daily,0,0,1,NONE,POINT (-73.466318 41.078282),Daily,41.078282,-73.466318,1,43.14381376392755,35.169033825244725,POINT (-73.466318 41.078282),DC Fast only,15,1-3
City of New Haven - Union Station Garage,50 Union Ave,New Haven,24 hours daily; pay lot,0,3,0,NONE,POINT (-72.926722 41.297487000000004),Daily,41.297487000000004,-72.926722,3,50.38180719388719,45.435154000774105,POINT (-72.926722 41.297487000000004),Level 2 only,16,1-3
Easton Public Library,691 Morehouse Rd,Easton,24 hours daily,0,2,0,NONE,POINT (-73.297822 41.251966),Daily,41.251966,-73.297822,2,28.542931018383804,20.559573287283243,POINT (-73.297822 41.251966),Level 2 only,17,1-3
The Plaza at Buckland Hills - Tesla Supercharger,1470 Pleasant Valley Road,Manchester,24 hours daily; for tesla use only,0,0,16,NONE,POINT (-72.562282 41.80452),Tesla,41.80452,-72.562282,16,85.61021652271795,87.16169698296639,POINT (-72.562282 41.80452),DC Fast only,18,10+
Greenlots - 92367,204 Stillman Hill Rd,Colebrook,24 hours daily,0,2,0,NONE,POINT (-73.138786 41.988528),Daily,41.988528,-73.138786,2,64.76880108257102,70.97161294408288,POINT (-73.138786 41.988528),Level 2 only,19,1-3
Mystic Diner Restaurant - Tesla Destination,253 Greenmanville  Ave,Mystic,24 hours daily; for customer use only,0,1,0,NONE,POINT (-71.961361 41.37356200000001),Daily,41.37356200000001,-71.961361,1,127.84668159506784,124.87311151941773,POINT (-71.961361 41.37356200000001),Level 2 only,20,1-3
Connecticut Airport Authority - Bradley Airport,Cell Phone Lot,Windsor Locks,24 hours daily,0,4,0,NONE,POINT (-72.670609 41.929342),Daily,41.929342,-72.670609,4,85.12353600325478,88.21385410430807,POINT (-72.670609 41.929342),Level 2 only,21,4-6
University of Connecticut - Motor Pool,9 Discovery Dr,Storrs,8am-3pm m-f,0,1,0,NONE,POINT (-72.261825 41.811817),Other,41.811817,-72.261825,1,108.94176406230052,109.64494437654463,POINT (-72.261825 41.811817),Level 2 only,22,1-3
Hammonasset Beach State Park - South,1288 Boston Post Rd,Madison,24 hours daily,0,4,0,NONE,POINT (-72.560456 41.263416),Daily,41.263416,-72.560456,4,80.63064740129403,76.2140530048096,POINT (-72.560456 41.263416),Level 2 only,23,4-6
Schaller Mitsubishi,25 Veterans Dr,New Britain,dealership business hours,0,1,0,NONE,POINT (-72.770648 41.649365),Business Hours,41.649365,-72.770648,1,63.012314292559594,63.66040267927766,POINT (-72.770648 41.649365),Level 2 only,24,1-3
Mansfield Public Library,54 Warrenville Rd,Mansfield,24 hours daily,0,1,0,NONE,POINT (-72.195701 41.768396),Daily,41.768396,-72.195701,1,112.61986624827057,112.83601938958166,POINT (-72.195701 41.768396),Level 2 only,25,1-3
WESTLODGE,811 Burr Mountain Rd,Torrington,24 hours daily,0,2,0,NONE,POINT (-73.1049768 41.8750604),Daily,41.8750604,-73.1049768,2,55.356907067805736,60.751952406045824,POINT (-73.1049768 41.8750604),Level 2 only,26,1-3
TOWNHALL,100 Bentley Dr,Harwinton,24 hours daily,0,2,0,NONE,POINT (-73.070231 41.7640244),Daily,41.7640244,-73.070231,2,47.865237686301185,52.01733382652425,POINT (-73.070231 41.7640244),Level 2 only,27,1-3
University of Connecticut - Avery Point,1084 Shennecossett Rd,Groton,24 hours daily,0,2,0,NONE,POINT (-72.065994 41.317722),Daily,41.317722,-72.065994,2,119.87732501686017,116.46388714294801,POINT (-72.065994 41.317722),Level 2 only,28,1-3
Middletown School District - Lawrence Elementary School,Kaplan Dr,Middletown,24 hours daily,0,2,0,NONE,POINT (-72.6824246 41.5871612),Daily,41.5871612,-72.6824246,2,68.36735150817377,67.88210821198255,POINT (-72.6824246 41.5871612),Level 2 only,29,1-3
Fairfield Mitsubishi,421 Tunxis Hill Rd,Fairfield,dealership business hours,0,1,0,NONE,POINT (-73.230597 41.176442),Business Hours,41.176442,-73.230597,1,38.648687873266866,30.634312475200247,POINT (-73.230597 41.176442),Level 2 only,30,1-3
Gates Nissan,143 Boston Post Rd,North Windham,dealership business hours,0,1,0,NONE,POINT (-72.188445 41.728247),Business Hours,41.728247,-72.188445,1,111.9898657277095,111.87528100920744,POINT (-72.188445 41.728247),Level 2 only,31,1-3
Water's Edge Resort and Spa - Tesla Destination,1525 Boston Post Rd,Westbrook,24 hours daily,0,3,0,NONE,POINT (-72.43786 41.28006),Daily,41.28006,-72.43786,3,90.0704802791929,86.00558403998333,POINT (-72.43786 41.28006),Level 2 only,32,1-3
North Haven PaviIion,100 Universal Dr,North Haven,24 hours daily,0,0,6,NONE,POINT (-72.870574 41.353572),Daily,41.353572,-72.870574,6,52.936544537576175,49.02330541655836,POINT (-72.870574 41.353572),DC Fast only,33,4-6
UNION STATION,Union Ave and Union Station,New Haven,24 hours daily,0,10,0,NONE,POINT (-72.9270748 41.2975353),Daily,41.2975353,-72.9270748,10,50.35240674794323,45.40518292714273,POINT (-72.9270748 41.2975353),Level 2 only,34,10+
Torrington Town Hall,140 Main St,Torrington,24 hours daily,0,1,0,NONE,POINT (-73.12122300000001 41.803497),Daily,41.803497,-73.12122300000001,1,48.19996154036059,53.19772878569927,POINT (-73.12122300000001 41.803497),Level 2 only,35,1-3
Crowley Nissan,1451 Farmington Ave,Bristol,dealership business hours,0,2,1,NONE,POINT (-72.894672 41.699374),Business Hours,41.699374,-72.894672,3,55.65901626747963,57.63780379962019,POINT (-72.894672 41.699374),Level 2 and DC Fast,36,1-3
Parthenon Diner Restaurant - Tesla Destination,374 E Main St,Branford,24 hours daily; for customer use only,0,1,0,NONE,POINT (-72.781436 41.296212),Daily,41.296212,-72.781436,1,61.86942553870919,57.345890933704474,POINT (-72.781436 41.296212),Level 2 only,37,1-3
Town of Mansfield - Community Center,10 S Eagleville Rd,Mansfield,24 hours daily,0,1,0,NONE,POINT (-72.242231 41.800421),Daily,41.800421,-72.242231,1,110.04677230626966,110.61420071329762,POINT (-72.242231 41.800421),Level 2 only,38,1-3
Manchester City Nissan,30 Tolland Turnpike,Manchester,dealership business hours,0,2,0,NONE,POINT (-72.507845 41.814316),Business Hours,41.814316,-72.507845,2,90.16371724271724,91.6065689502097,POINT (-72.507845 41.814316),Level 2 only,39,1-3
City of Meriden - City Hall,142 E Main St,Meriden,24 hours daily,0,4,0,NONE,POINT (-72.797226 41.536236),Daily,41.536236,-72.797226,4,58.00150732141705,57.07172053183658,POINT (-72.797226 41.536236),Level 2 only,40,4-6
City of New Haven - Sherman Tyler Lot,60 N Frontage Rd,New Haven,24 hours daily; permit lot,0,2,0,NONE,POINT (-72.948514 41.306474),Daily,41.306474,-72.948514,2,48.31611817184383,43.42669622906797,POINT (-72.948514 41.306474),Level 2 only,41,1-3
City of Meriden - Meriden Public Library,105 Miller St,Meriden,24 hours daily,0,2,0,NONE,POINT (-72.796702 41.537218),Daily,41.537218,-72.796702,2,58.05909253431326,57.14349693152515,POINT (-72.796702 41.537218),Level 2 only,42,1-3
Blogoslawski Parking Garage,10 Franklin Square,New Britain,24 hours daily,0,2,0,NONE,POINT (-72.7788286 41.664356600000005),Daily,41.664356600000005,-72.7788286,2,62.922275001044575,63.80755540380956,POINT (-72.7788286 41.664356600000005),Level 2 only,43,1-3
Comfort Inn Guilford - Tesla Destination,300 Boston Post Rd,Guilford,24 hours daily; for customer use only; see front desk for access,0,2,0,NONE,POINT (-72.657682 41.287164),Daily,41.287164,-72.657682,2,72.07128789816976,67.71637653585502,POINT (-72.657682 41.287164),Level 2 only,44,1-3
Brass Mill Center - Entrance 5,495 Union St,Waterbury,6am-12pm daily,0,2,0,NONE,POINT (-73.02614 41.549361),Daily,41.549361,-73.02614,2,39.453775822520434,39.64866092123096,POINT (-73.02614 41.549361),Level 2 only,10,1-3
Town of Simsbury - Town Hall,933 Hopmeadow St,Simsbury,24 hours daily,0,2,0,NONE,POINT (-72.489406 41.983904),Daily,41.983904,-72.489406,2,100.86728097226775,103.58386595800732,POINT (-72.489406 41.983904),Level 2 only,45,1-3
Connecticut Legislative Parking Garage,240 Capitol Ave,Hartford,7am-7pm m-f,0,5,0,NONE,POINT (-72.684758 41.765434),Other,41.765434,-72.684758,5,74.55559929494689,76.2205174211104,POINT (-72.684758 41.765434),Level 2 only,46,4-6
Middletown School District - Moody School,300 Country Club Rd,Middletown,24 hours daily,0,2,0,NONE,POINT (-72.711926 41.563917),Daily,41.563917,-72.711926,2,65.49028181782741,64.76357049800184,POINT (-72.711926 41.563917),Level 2 only,47,1-3
Barberino Nissan,505 N Colony St,Wallingford,dealership business hours,0,1,0,NONE,POINT (-72.817586 41.467376),Business Hours,41.467376,-72.817586,1,55.81151608936708,53.8021477353438,POINT (-72.817586 41.467376),Level 2 only,48,1-3
CityPlace Garage,185 Asylum St,Hartford,garage business hours,0,2,0,NONE,POINT (-72.676489 41.766656),Business Hours,41.766656,-72.676489,2,75.23276894411549,76.87409562057692,POINT (-72.676489 41.766656),Level 2 only,49,1-3
CURRAN VOLKSWAG,2774-2788 CT-113,Stratford,24 hours daily,0,2,0,NONE,POINT (-73.132624 41.198568),Daily,41.198568,-73.132624,2,41.93817263867578,34.63569395028551,POINT (-73.132624 41.198568),Level 2 only,50,1-3
"Inn at Stonington, a Select Registry Property - Tesla Destination",60 Water St,Stonington,24 hours daily; for customer use only,0,3,0,NONE,POINT (-71.906918 41.331744),Daily,41.331744,-71.906918,3,132.8683056219583,129.6353164403987,POINT (-71.906918 41.331744),Level 2 only,51,1-3
"Westport Town Hall 110 Myrtle Ave Westport, CT 06880",110 Myrtle Avenue,Westport,mo: not specified; tu: not specified; we: not specified; th: not specified; fr: not specified; sa: not specified; su: not specified,0,2,0,NONE,POINT (-73.35947443366 41.145215689458),Other,41.145215689458,-73.35947443366,2,37.212350187178444,28.830074911072725,POINT (-73.35947443366 41.145215689458),Level 2 only,52,1-3
STARWOOD,1 Star Point,Stamford,24 hours daily,0,2,0,NONE,POINT (-73.5318605 41.0409048),Daily,41.0409048,-73.5318605,2,47.42244970993008,39.84327954413146,POINT (-73.5318605 41.0409048),Level 2 only,53,1-3
Popeyes Kitchen - Fairfield Pizza,200 E Main St,Stratford,24 hours daily,0,0,1,NONE,POINT (-73.117486 41.202742),Daily,41.202742,-73.117486,1,42.5192656459167,35.34764826615109,POINT (-73.117486 41.202742),DC Fast only,54,1-3
Dunkin' Donuts - Tesla Supercharger,160 Kukas Lane,Waterbury,24 hours daily; for tesla use only,0,0,8,NONE,POINT (-73.005613 41.53713),Tesla,41.53713,-73.005613,8,40.84323945959695,40.657099719612134,POINT (-73.005613 41.53713),DC Fast only,55,7-9
Crest Ford,218 Flanders Rd,Niantic,24 hours daily,0,1,0,NONE,POINT (-72.211435 41.354043),Daily,41.354043,-72.211435,1,107.26957192702871,104.04819701792137,POINT (-72.211435 41.354043),Level 2 only,56,1-3
Central Connecticut State University - Sheridan Dorm Lot,65 Wells St,New Britain,24 hours daily,0,1,0,NONE,POINT (-72.762739 41.692973),Daily,41.692973,-72.762739,1,65.32580285596171,66.50911962087045,POINT (-72.762739 41.692973),Level 2 only,57,1-3
LIBRARY KIOSK,24 Main St,New Milford,24 hours daily,0,1,0,NONE,POINT (-73.41116 41.5785572),Daily,41.5785572,-73.41116,1,13.914899977008544,20.71820439804413,POINT (-73.41116 41.5785572),Level 2 only,58,1-3
Hotel HiHo - Tesla Destination,4180 Black Rock Tpke,Fairfield,24 hours daily; for customer use only,0,3,0,NONE,POINT (-73.271401 41.203858),Daily,41.203858,-73.271401,3,34.241074549560885,26.147372241876422,POINT (-73.271401 41.203858),Level 2 only,59,1-3
Summer Street Garage,100 Summer St,Stamford,restricted to garage hours; pay lot,0,3,0,NONE,POINT (-73.541625 41.054155),Pay Lot,41.054155,-73.541625,3,46.03211844339635,38.53996333417309,POINT (-73.541625 41.054155),Level 2 only,60,1-3
MUNICIP STATION,3 Primrose St,Newtown,24 hours daily,0,2,0,NONE,POINT (-73.2847962 41.4007757),Daily,41.4007757,-73.2847962,2,18.307399558786486,14.166450506302242,POINT (-73.2847962 41.4007757),Level 2 only,61,1-3
PURDUE PHARMA,201 Tresser Blvd,Stamford,24 hours daily,0,4,0,NONE,POINT (-73.53779 41.050574),Daily,41.050574,-73.53779,4,46.39641420562172,38.871070909696606,POINT (-73.53779 41.050574),Level 2 only,62,4-6
Hartford High School,55 Forest St,Hartford,24 hours daily,0,2,0,NONE,POINT (-72.701271 41.765034),Daily,41.765034,-72.701271,2,73.30596348753268,75.04103734697092,POINT (-72.701271 41.765034),Level 2 only,63,1-3
Bloomfield Town Hall,800 Bloomfield Avenue,Bloomfield,mo: 12:00am-12:00am; tu: 12:00am-12:00am; we: 12:00am-12:00am; th: 12:00am-12:00am; fr: 12:00am-12:00am; sa: 12:00am-12:00am; su: 12:00am-12:00am,0,2,0,NONE,POINT (-72.7373929 41.8298475),Other,41.8298475,-72.7373929,2,74.25963155273527,76.8263576816048,POINT (-72.7373929 41.8298475),Level 2 only,64,1-3
GUNNERY,16 Kirby Rd,Washington,24 hours daily,0,2,0,NONE,POINT (-73.3124 41.628033),Daily,41.628033,-73.3124,2,23.042420303895558,28.472143557264577,POINT (-73.3124 41.628033),Level 2 only,65,1-3
University of Connecticut - Storrs Center Garage,33 Royce Cir,Storrs,24 hours daily,0,4,0,NONE,POINT (-72.2442218 41.8041965),Daily,41.8041965,-72.2442218,4,110.03000644503332,110.63162596788536,POINT (-72.2442218 41.8041965),Level 2 only,66,4-6
JAGLRNH,521 Washington Ave,North Haven,24 hours daily,0,2,0,NONE,POINT (-72.8415278 41.4168397),Daily,41.4168397,-72.8415278,2,54.113871488086524,51.27228839646718,POINT (-72.8415278 41.4168397),Level 2 only,67,1-3
Town of Stafford - Town Hall,1 Main St,Stafford Springs,24 hours daily,0,4,0,NONE,POINT (-72.303231 41.953668),Daily,41.953668,-72.303231,4,112.3038289855961,114.17198578015179,POINT (-72.303231 41.953668),Level 2 only,68,4-6
Charter Oak International Academy,425 Oakwood Ave,West Hartford,24 hours daily,0,2,0,NONE,POINT (-72.722829 41.742975),Daily,41.742975,-72.722829,2,70.61838682348933,72.21132528415455,POINT (-72.722829 41.742975),Level 2 only,69,1-3
Town of Newington - Market Square,90 Market Square,Newington,24 hours daily,0,4,0,NONE,POINT (-72.7214 41.6972),Daily,41.6972,-72.7214,4,68.69200779516162,69.74476932632425,POINT (-72.7214 41.6972),Level 2 only,70,4-6
Riverfield School,1625 Mill Plain Rd,Fairfield,school hours,0,2,0,NONE,POINT (-73.267585 41.162306),Other,41.162306,-73.267585,2,38.40198174380458,30.178581215394455,POINT (-73.267585 41.162306),Level 2 only,71,1-3
Capital Regional Development Authority (CRDA),105 Columbus Blvd,Hartford,6am-12am daily,0,2,0,NONE,POINT (-72.670165 41.763287),Daily,41.763287,-72.670165,2,75.54318396869698,77.12164566527966,POINT (-72.670165 41.763287),Level 2 only,72,1-3
The SoNo Collection,100 N Water St,Norwalk,6am-12am,0,10,0,NONE,POINT (-73.418883 41.104791),Other,41.104791,-73.418883,10,40.55718207422195,32.34421205918107,POINT (-73.418883 41.104791),Level 2 only,73,10+
City of New Haven - Whalley Blake Parking Lot,919 Whalley Ave,New Haven,24 hours daily; pay lot,0,2,0,NONE,POINT (-72.960178 41.327848),Daily,41.327848,-72.960178,2,46.5657397948676,41.98498306753323,POINT (-72.960178 41.327848),Level 2 only,74,1-3
Riverview Cinemas 8 and Playhouse - Tesla Destination,690 Main St S,Southbury,24 hours daily; for customer use only,0,4,0,NONE,POINT (-73.230644 41.465044),Daily,41.465044,-73.230644,4,21.306240126876325,20.234036251297663,POINT (-73.230644 41.465044),Level 2 only,75,4-6
The Ridgefield Playhouse,80 E Ridge Rd,Ridgefield,24 hours daily,0,2,0,NONE,POINT (-73.492605 41.282264),Daily,41.282264,-73.492605,2,20.467799386935713,12.91086294352498,POINT (-73.492605 41.282264),Level 2 only,76,1-3
Meriden Station Garage,24 Colony St,Meriden,24 hours daily,0,3,0,NONE,POINT (-72.802667 41.539218),Daily,41.539218,-72.802667,3,57.595541121637325,56.726414586534275,POINT (-72.802667 41.539218),Level 2 only,77,1-3
HONDA WESTPORT,1372 Post Rd E,Westport,24 hours daily,0,3,0,NONE,POINT (-73.317072 41.138623),Daily,41.138623,-73.317072,3,39.054215040863426,30.67939254965672,POINT (-73.317072 41.138623),Level 2 only,78,1-3
FOXWOODS,350 Trolley Line Blvd,Mashantucket,24 hours daily,0,2,0,NONE,POINT (-71.9600027 41.4733521),Daily,41.4733521,-71.9600027,2,127.44768190804521,125.17306413992635,POINT (-71.9600027 41.4733521),Level 2 only,79,1-3
TOWN HALL LOT,740 Main St,East Hartford,24 hours daily,0,2,0,NONE,POINT (-72.6446905 41.7660404),Daily,41.7660404,-72.6446905,2,77.58842691140215,79.08809114150272,POINT (-72.6446905 41.7660404),Level 2 only,80,1-3
FOXWOODS,350 Trolley Line Blvd,Ledyard,24 hours daily,0,2,0,NONE,POINT (-71.9600034 41.4733358),Daily,41.4733358,-71.9600034,2,127.44762857627175,125.1728952386716,POINT (-71.9600034 41.4733358),Level 2 only,79,1-3
Plainville High School,47 Robert Holcomb Way,Plainville,24 hours daily,0,1,0,NONE,POINT (-72.8580302 41.6659341),Daily,41.6659341,-72.8580302,1,56.84637336230439,58.14314501480926,POINT (-72.8580302 41.6659341),Level 2 only,81,1-3
Connecticut Welcome Center - Tesla Supercharger,1 West Ave.,Darien,24 hours daily; for tesla use only,0,0,4,NONE,POINT (-73.504917 41.067306),Tesla,41.067306,-73.504917,4,44.36154846825826,36.62238435156086,POINT (-73.504917 41.067306),DC Fast only,82,4-6
Whole Foods Market,350 Grasmere Ave,Fairfield,8am-10pm daily; for customer use only; see inside for access,0,1,0,NONE,POINT (-73.240315 41.157925),Daily,41.157925,-73.240315,1,39.955756017731915,31.823252433277766,POINT (-73.240315 41.157925),Level 2 only,83,1-3
Tamarack Country Club - Tesla Destination,55 Locust Rd,Greenwich,24 hours daily; for member use only; see valet for access,0,3,0,NONE,POINT (-73.709755 41.094294),Daily,41.094294,-73.709755,3,45.398172122267404,39.66725475749923,POINT (-73.709755 41.094294),Level 2 only,84,1-3
Madison Beach Hotel - Tesla Destination,94 W Wharf Rd,Madison,24 hours daily; overnight valet fee,0,2,0,NONE,POINT (-72.608573 41.27077),Daily,41.27077,-72.608573,2,76.5338447390066,72.10023016474621,POINT (-72.608573 41.27077),Level 2 only,85,1-3
Newington Electric,72 Pane Rd,Newington,24 hours daily,0,3,0,NONE,POINT (-72.729203 41.65514),Daily,41.65514,-72.729203,3,66.4911632422128,67.04916161826368,POINT (-72.729203 41.65514),Level 2 only,86,1-3
Premier Kia,205 N Main St,Branford,24 hours daily; priority for customer use,0,1,0,NONE,POINT (-72.809324 41.289894),Daily,41.289894,-72.809324,1,59.88127947198825,55.20299825771377,POINT (-72.809324 41.289894),Level 2 only,87,1-3
The Shoppes at Fox Run 1,25 Welles St # 55,Glastonbury,24 hours daily,0,0,2,NONE,POINT (-72.608292 41.714088),Daily,41.714088,-72.608292,2,78.1542186184284,78.9641301017303,POINT (-72.608292 41.714088),DC Fast only,88,1-3
NBCSG,98 Maher Rd,Stamford,24 hours daily,0,14,0,NONE,POINT (-73.516045 41.054321),Daily,41.054321,-73.516045,14,45.8449807594746,38.17094517607368,POINT (-73.516045 41.054321),Level 2 only,89,10+
EDENS BISHOPS,345 N Main St,West Hartford,24 hours daily,0,2,0,NONE,POINT (-72.7479436 41.784487),Daily,41.784487,-72.7479436,2,70.90186693597713,73.06825450144116,POINT (-72.7479436 41.784487),Level 2 only,90,1-3
Propark - Water Street Garage,161 Water St,New London,restricted to garage hours; pay lot,8,4,0,1 Conductive 120V,POINT (-72.093784 41.355486),Pay Lot,41.355486,-72.093784,12,117.02668136970334,113.87424225420953,POINT (-72.093784 41.355486),Level 1 and 2,91,10+
Connecticut Post Mall - Tesla Supercharger,1201 Boston Post Road,Milford,24 hours daily; for tesla use only,0,0,14,NONE,POINT (-73.036133 41.238119),Tesla,41.238119,-73.036133,14,45.37113529881868,39.078434374357535,POINT (-73.036133 41.238119),DC Fast only,92,10+
Manchester Honda,24 Adams St,Manchester,dealership business hours,0,1,0,NONE,POINT (-72.552974 41.795898),Business Hours,41.795898,-72.552974,1,85.90032504232835,87.33644932701056,POINT (-72.552974 41.795898),Level 2 only,93,1-3
New London Mall - Tesla Supercharger,369 N Frontage Rd,New London,24 hours daily; for tesla use only,0,0,8,NONE,POINT (-72.119376 41.370726),Tesla,41.370726,-72.119376,8,114.71658684763493,111.66859492602667,POINT (-72.119376 41.370726),DC Fast only,94,7-9
Plainville Municipal Center,1 Central Square,Plainville,24 hours daily,0,1,0,NONE,POINT (-72.8670212999999 41.6717114),Daily,41.6717114,-72.8670212999999,1,56.41055848651382,57.83930054111503,POINT (-72.8670212999999 41.6717114),Level 2 only,95,1-3
The Study at Yale - Tesla Destination,1157 Chapel St,New Haven,24 hours daily; see valet for access,0,2,0,NONE,POINT (-72.932698 41.308741),Daily,41.308741,-72.932698,2,49.458158618817066,44.661766231815804,POINT (-72.932698 41.308741),Level 2 only,96,1-3
Connecticut Science Center,250 Columbus Blvd,Hartford,6am-6pm daily,0,2,0,NONE,POINT (-72.668833 41.764376),Daily,41.764376,-72.668833,2,75.69536272416573,77.27952407575714,POINT (-72.668833 41.764376),Level 2 only,97,1-3
Windham High School,355 High St,Windham,24 hours daily,0,2,0,NONE,POINT (-72.214432 41.723169),Daily,41.723169,-72.214432,2,109.75525483580036,109.64708511003718,POINT (-72.214432 41.723169),Level 2 only,98,1-3
BIG Y FOODS,401 Bridgeport Ave,Shelton,24 hours daily,0,2,0,NONE,POINT (-73.11066 41.29434),Daily,41.29434,-73.11066,2,36.736886645023496,30.827485517801286,POINT (-73.11066 41.29434),Level 2 only,99,1-3
WHOLE FOODS MKT,5 Sugar Hollow Rd,Danbury,24 hours daily,0,1,0,NONE,POINT (-73.475576 41.3777667),Daily,41.3777667,-73.475576,1,9.889168693842525,2.6152026901437657,POINT (-73.475576 41.3777667),Level 2 only,100,1-3
I-95 Madison NB Service Plaza - Tesla Supercharger,I-95 North Ave,Madison,24 hours daily; tesla users only,0,0,10,NONE,POINT (-72.5804966772461 41.2904885216395),Tesla,41.2904885216395,-72.5804966772461,10,78.20203598598505,74.02348174764244,POINT (-72.5804966772461 41.2904885216395),DC Fast only,101,10+
Canton Town Hall,4 Market St,Canton,24 hours daily,0,2,0,NONE,POINT (-72.923177 41.811022),Daily,41.811022,-72.923177,2,60.50423110377634,63.99284811894181,POINT (-72.923177 41.811022),Level 2 only,102,1-3
UNION STATION,50 Union Ave,New Haven,24 hours daily,0,2,0,NONE,POINT (-72.9263108 41.2974027),Daily,41.2974027,-72.9263108,2,50.41724294696783,45.47083548153522,POINT (-72.9263108 41.2974027),Level 2 only,16,1-3
TOD,120 Main St,Durham,24 hours daily,0,2,0,NONE,POINT (-72.6809263 41.472228),Daily,41.472228,-72.6809263,2,67.22821023051868,65.1848151881384,POINT (-72.6809263 41.472228),Level 2 only,103,1-3
Delamar Southport - Tesla Destination,275 Old Post Rd,Fairfield,24 hours daily; for customer use only; see valet for access,0,3,0,NONE,POINT (-73.245943 41.146162),Daily,41.146162,-73.245943,3,40.84889204142877,32.6581768822314,POINT (-73.245943 41.146162),Level 2 only,104,1-3
Andrew Ward School,755 Melville Ave,Fairfield,school hours,0,2,0,NONE,POINT (-73.234423 41.185685),Other,41.185685,-73.234423,2,37.61650138144897,29.627389344573317,POINT (-73.234423 41.185685),Level 2 only,105,1-3
Connecticut Department of Energy and Environmental Protection,79 Elm St,Hartford,8:30am-4:30pm m-f,0,2,0,NONE,POINT (-72.678633 41.763294),Other,41.763294,-72.678633,2,74.90911438943606,76.52442692440319,POINT (-72.678633 41.763294),Level 2 only,106,1-3
Arapahoe Parking Lot,105 LaSalle Rd,West Hartford,garage business hours; pay lot,0,1,0,NONE,POINT (-72.744596 41.759108000000005),Business Hours,41.759108000000005,-72.744596,1,69.79815284924766,71.67457210865139,POINT (-72.744596 41.759108000000005),Level 2 only,107,1-3
Southington Public Library,255 Main St,Southington,24 hours daily,0,2,0,NONE,POINT (-72.877465 41.596225),Daily,41.596225,-72.877465,2,52.76460155171181,53.0855843867137,POINT (-72.877465 41.596225),Level 2 only,108,1-3
NBCSG,84 Maher Rd,Stamford,24 hours daily,0,2,0,NONE,POINT (-73.5160406 41.053776),Daily,41.053776,-73.5160406,2,45.90539266173852,38.23085917771311,POINT (-73.5160406 41.053776),Level 2 only,109,1-3
Paul Miller Nissan,930 Kings Hwy E,Fairfield,dealership business hours,0,1,1,NONE,POINT (-73.233711 41.167407),Business Hours,41.167407,-73.233711,2,39.34925877774501,31.28080401096366,POINT (-73.233711 41.167407),Level 2 and DC Fast,110,1-3
Town of New Fairfield - Town Hall,4 Brush Hill Rd,New Fairfield,24 hours daily,0,1,0,NONE,POINT (-73.487032 41.465514),Daily,41.465514,-73.487032,1,0.15609090656177385,8.322756072065415,POINT (-73.487032 41.465514),Level 2 only,111,1-3
Chip's Family Restaurant - Tesla Destination,321  Boston Post Rd,Orange,24 hours daily; for customer use only,0,2,0,NONE,POINT (-73.004741 41.2645),Daily,41.2645,-73.004741,2,46.0697146668231,40.29901595959368,POINT (-73.004741 41.2645),Level 2 only,112,1-3
George Harte Nissan,426 Derby Ave,West Haven,dealership business hours,0,2,1,NONE,POINT (-72.968506 41.307602),Business Hours,41.307602,-72.968506,3,46.71741069900302,41.76901882992378,POINT (-72.968506 41.307602),Level 2 and DC Fast,113,1-3
STOP SHOP,148 Heights Rd,Darien,24 hours daily,0,0,1,NONE,POINT (-73.4948097 41.070243),Daily,41.070243,-73.4948097,1,44.01273019530254,36.20859348573391,POINT (-73.4948097 41.070243),DC Fast only,114,1-3
East Shore District Health Department,688 E Main St,Branford,24 hours daily; 2 hour limit,0,6,0,NONE,POINT (-72.756902 41.305071),Daily,41.305071,-72.756902,6,63.53798890314521,59.18523837413754,POINT (-72.756902 41.305071),Level 2 only,115,4-6
Ridgefield BMW,746 Danbury Rd,Ridgefield,dealership business hours; for customer use only,0,2,0,NONE,POINT (-73.472615 41.331117),Business Hours,41.331117,-73.472615,2,15.07363166662387,7.243809675201012,POINT (-73.472615 41.331117),Level 2 only,116,1-3
Big Y,22 Spencer Plain Rd,Old Saybrook,24 hours daily,0,1,0,NONE,POINT (-72.416634 41.28648200000001),Daily,41.28648200000001,-72.416634,1,91.63703313143482,87.65809208003185,POINT (-72.416634 41.28648200000001),Level 2 only,117,1-3
Green Farms Plaza,1460 Post Rd E,Westport,24 hours daily,0,0,1,NONE,POINT (-73.314364 41.138478),Daily,41.138478,-73.314364,1,39.151774630885164,30.779882663190104,POINT (-73.314364 41.138478),DC Fast only,118,1-3
Bridgeport Hospital,267 Grant St,Bridgeport,24 hours daily,0,2,0,NONE,POINT (-73.166282 41.190701),Daily,41.190701,-73.166282,2,40.65771544052544,33.08665586198554,POINT (-73.166282 41.190701),Level 2 only,119,1-3
Town of Stafford - Community Center,3 Buckley Hwy,Stafford Springs,24 hours daily,0,1,0,NONE,POINT (-72.289249 41.956727),Daily,41.956727,-72.289249,1,113.48540728012537,115.33246551004876,POINT (-72.289249 41.956727),Level 2 only,120,1-3
Constitution Plaza - South,109 Constitution Plaza,Hartford,mon: 24 hours | tue: 24 hours | wed: 24 hours | thu: 24 hours | fri: 24 hours | sat: 24 hours | sun: 24 hours,0,1,0,NONE,POINT (-72.670032 41.767185),Daily,41.767185,-72.670032,1,75.74121655216716,77.35996143759327,POINT (-72.670032 41.767185),Level 2 only,121,1-3
Coventry Town Hall,1712 Main St,Coventry,24 hours daily,0,2,0,NONE,POINT (-72.312334 41.780058),Daily,41.780058,-72.312334,2,103.79979242201284,104.3695539385935,POINT (-72.312334 41.780058),Level 2 only,122,1-3
Curran Volkswagen,2785 Main St,Stratford,dealership business hours,0,1,0,NONE,POINT (-73.131808 41.198467),Business Hours,41.198467,-73.131808,1,41.99430403050737,34.695902349032465,POINT (-73.131808 41.198467),Level 2 only,123,1-3
644 West Putnam,644 West Putnam Avenue,Greenwich,mo: not specified; tu: not specified; we: not specified; th: not specified; fr: not specified; sa: not specified; su: not specified,0,3,0,NONE,POINT (-73.6476069 41.016928),Other,41.016928,-73.6476069,3,51.73925662654187,44.99918427854481,POINT (-73.6476069 41.016928),Level 2 only,124,1-3
Grove Street Parking Garage,65 Grove Street,New Haven,mo: not specified; tu: not specified; we: not specified; th: not specified; fr: not specified; sa: not specified; su: not specified,0,2,0,NONE,POINT (-72.9217309 41.3103893),Other,41.3103893,-72.9217309,2,50.25301745419982,45.52010071772662,POINT (-72.9217309 41.3103893),Level 2 only,125,1-3
Mohegan Sun - Tesla Destination,1 Mohegan Sun Blvd,Uncasville,24 hours daily; for customer use only; see valet for access,0,5,0,NONE,POINT (-72.08668800000001 41.488423),Daily,41.488423,-72.08668800000001,5,116.87501415393218,114.73942688387703,POINT (-72.08668800000001 41.488423),Level 2 only,126,4-6
CVS West Haven,355 Campbell Ave,West Haven,24 hours daily,0,0,1,NONE,POINT (-72.948327 41.268415),Daily,41.268415,-72.948327,1,50.05119929106795,44.59879075659949,POINT (-72.948327 41.268415),DC Fast only,127,1-3
Central Connecticut State University - Vance Garage,150 Paul Manafort Sr. Dr,New Britain,after 5pm daily,0,2,0,NONE,POINT (-72.766414 41.690789),Daily,41.690789,-72.766414,2,64.95058174802864,66.12328272567439,POINT (-72.766414 41.690789),Level 2 only,128,1-3
City of New Haven - Crown Street Parking Garage,213 Crown St,New Haven,24 hours daily; pay lot,0,2,0,NONE,POINT (-72.928864 41.305993),Daily,41.305993,-72.928864,2,49.867357258500995,45.041991947311324,POINT (-72.928864 41.305993),Level 2 only,129,1-3
Figaro Restaurant,90 Elm St,Enfield,restaurant business hours; for guest use only,0,1,0,NONE,POINT (-72.583384 41.997588),Business Hours,41.997588,-72.583384,1,95.47140157903358,98.6628677053343,POINT (-72.583384 41.997588),Level 2 only,130,1-3
Middletown School District - Board of Education,311 Hunting Hill Ave,Middletown,24 hours daily,0,2,0,NONE,POINT (-72.647076 41.541535),Daily,41.541535,-72.647076,2,70.50995663740058,69.35021273802808,POINT (-72.647076 41.541535),Level 2 only,131,1-3
Mansfield Parking Garage,9 Dog Ln,Storrs,garage business hours; pay lot,0,4,0,NONE,POINT (-72.243355 41.804877),Business Hours,41.804877,-72.243355,4,110.12316373494033,110.72808730579837,POINT (-72.243355 41.804877),Level 2 only,132,4-6
Brass Mill Center - Entrance 6,495 Union St,Waterbury,6am-12pm daily,0,2,0,NONE,POINT (-73.026799 41.55022),Daily,41.55022,-73.026799,2,39.42243042938265,39.64027992118758,POINT (-73.026799 41.55022),Level 2 only,10,1-3
Ellington Town Hall,55 Main St,Ellington,24 hours daily,0,2,0,NONE,POINT (-72.467484 41.903582),Daily,41.903582,-72.467484,2,97.68875511771667,99.73290244740092,POINT (-72.467484 41.903582),Level 2 only,133,1-3
Fairfield Tennis Center,210 Old Dam Rd,Fairfield,24 hours daily,0,2,0,NONE,POINT (-73.2665157 41.1247386999999),Daily,41.1247386999999,-73.2665157,2,42.16008234263916,33.86102308130455,POINT (-73.2665157 41.1247386999999),Level 2 only,134,1-3
Trinity College,18-60 Crescent St,Hartford,24 hours daily,0,4,0,NONE,POINT (-72.689438 41.745582),Daily,41.745582,-72.689438,4,73.25577444191865,74.72775669262093,POINT (-72.689438 41.745582),Level 2 only,135,4-6
Saugatuck Fire Station,Railroad Place,Westport,mo: not specified; tu: not specified; we: not specified; th: not specified; fr: not specified; sa: not specified; su: not specified,0,7,0,NONE,POINT (-73.370496 41.119206),Other,41.119206,-73.370496,7,39.75685135133758,31.39908049231724,POINT (-73.370496 41.119206),Level 2 only,136,7-9
COMCAST,222 New Park Dr,Berlin,24 hours daily,0,4,0,NONE,POINT (-72.749512 41.597163),Daily,41.597163,-72.749512,4,63.1278885482642,62.972894233994936,POINT (-72.749512 41.597163),Level 2 only,137,4-6
Kent Town Hall,41 Kent Green Blvd,Kent,24 hours daily,0,2,0,NONE,POINT (-73.47251 41.727419),Daily,41.727419,-73.47251,2,29.001744668532567,36.97258128529655,POINT (-73.47251 41.727419),Level 2 only,138,1-3
Dunkin' Donuts,1205 Tolland Tpke,Manchester,24 hours daily,0,0,1,NONE,POINT (-72.555059 41.797073),Daily,41.797073,-72.555059,1,85.79829899083941,87.25314056232484,POINT (-72.555059 41.797073),DC Fast only,139,1-3
County Line Nissan - North,522 Winsted Rd,Torrington,dealership business hours,0,1,0,NONE,POINT (-73.1107105 41.8269547),Business Hours,41.8269547,-73.1107105,1,50.78073239095073,55.878525736640896,POINT (-73.1107105 41.8269547),Level 2 only,140,1-3
TOWN OF MADISON,761 Boston Post Rd,Madison,24 hours daily,0,2,0,NONE,POINT (-72.595184 41.28028400000001),Daily,41.28028400000001,-72.595184,2,77.31404550321231,73.00405130705377,POINT (-72.595184 41.28028400000001),Level 2 only,141,1-3
Rocky Neck State Park,244 W Main St,Niantic,dawn to dusk,0,2,0,NONE,POINT (-72.24323 41.300883),Other,41.300883,-72.24323,2,105.53900040130688,101.86659209425441,POINT (-72.24323 41.300883),Level 2 only,142,1-3
ELEMENT STATION,111 Morgan St,Stamford,24 hours daily,0,2,0,NONE,POINT (-73.5370682 41.0631099),Daily,41.0631099,-73.5370682,2,45.00474346199989,37.491251094678205,POINT (-73.5370682 41.0631099),Level 2 only,143,1-3
Saybrook Point Marina,2 Bridge St,Old Saybrook,24 hours daily,0,1,0,NONE,POINT (-72.351019 41.283487),Daily,41.283487,-72.351019,1,97.07231979554511,93.1467308309895,POINT (-72.351019 41.283487),Level 2 only,144,1-3
Town of Groton - Town Hall,45 Fort Hill Rd,Groton,24 hours daily,0,2,0,NONE,POINT (-72.033489 41.345816),Daily,41.345816,-72.033489,2,122.16299767805052,118.96766087161555,POINT (-72.033489 41.345816),Level 2 only,145,1-3
Harte Nissan,165 W Service Rd,Hartford,dealership business hours,0,1,1,NONE,POINT (-72.656681 41.791382000000006),Business Hours,41.791382000000006,-72.656681,2,77.93718979745263,79.74484889383713,POINT (-72.656681 41.791382000000006),Level 2 and DC Fast,146,1-3
Highland Park Market,317 Highland St,Manchester,24 hours daily,0,2,0,NONE,POINT (-72.490259 41.766005),Daily,41.766005,-72.490259,2,89.38525182750192,90.3259601112439,POINT (-72.490259 41.766005),Level 2 only,147,1-3
Nissan - Norwich,691 W Thames St,Norwich,dealership business hours; contact 860-892-6000 for more information,0,1,0,NONE,POINT (-72.097938 41.498591),Business Hours,41.498591,-72.097938,1,115.95576742197053,113.9030844412595,POINT (-72.097938 41.498591),Level 2 only,148,1-3
Wesleyan University,56 Hamlin Ct,MIddletown,24 hours daily,2,0,0,NONE,POINT (-72.65242 41.557262),Daily,41.557262,-72.65242,2,70.28779159441889,69.34231932505912,POINT (-72.65242 41.557262),Level 1 only,149,1-3
HAMPTON INN,129 Plains Rd,Milford,24 hours daily,0,0,4,NONE,POINT (-73.076682 41.22269),Daily,41.22269,-73.076682,4,43.644771179289656,36.930602183086954,POINT (-73.076682 41.22269),DC Fast only,150,4-6
Aitoro Appliance,401 Westport Ave,Norwalk,store business hours; see inside for access,0,1,0,NONE,POINT (-73.390319 41.126373),Business Hours,41.126373,-73.390319,1,38.6077157401883,30.287143688935227,POINT (-73.390319 41.126373),Level 2 only,151,1-3
Putnam Downtown Municipal Parking Lot,165 Kennedy Dr,Putnam,24 hours daily,0,1,0,NONE,POINT (-71.9105761999999 41.914329),Daily,41.914329,-71.9105761999999,1,140.24347729787212,140.91563353760597,POINT (-71.9105761999999 41.914329),Level 2 only,152,1-3
NYALA GAR 3,400 Nyala Farms Rd,Westport,24 hours daily,0,2,0,NONE,POINT (-73.3269248 41.1223426),Daily,41.1223426,-73.3269248,2,40.46715990795633,32.08026916601887,POINT (-73.3269248 41.1223426),Level 2 only,153,1-3
WHOLE FOODS MKT,5c Sugar Hollow Rd,Danbury,24 hours daily,0,2,0,NONE,POINT (-73.4755929 41.3781241),Daily,41.3781241,-73.4755929,2,9.849499779839602,2.587588722515569,POINT (-73.4755929 41.3781241),Level 2 only,154,1-3
East Norwalk Library,51 Van Zant St,Norwalk,24 hours daily,0,4,0,NONE,POINT (-73.40565000000001 41.102079),Daily,41.102079,-73.40565000000001,4,41.022052346276624,32.76283210323456,POINT (-73.40565000000001 41.102079),Level 2 only,155,4-6
Greenwich Southbound Travel Plaza - Tesla Supercharger,2000 Merritt Parkway,Greenwich,24 hours daily; for tesla use only,0,0,4,NONE,POINT (-73.673445 41.040555),Tesla,41.040555,-73.673445,4,49.85210329245534,43.434159428085344,POINT (-73.673445 41.040555),DC Fast only,156,4-6
Propark America - Omni Hotel Chapel Square Garage,155 Temple St,New Haven,24 hours daily; pay lot,2,2,0,1 Tesla Conductive,POINT (-72.927405 41.305794),Daily,41.305794,-72.927405,4,49.98929993737564,45.16603390458235,POINT (-72.927405 41.305794),Level 1 and 2,157,4-6
Mystic Marriott Hotel and Spa - Tesla Destination,625 North Rd,Groton,24 hours daily; for customer use only; see front desk for access,0,2,0,NONE,POINT (-72.025954 41.365919),Daily,41.365919,-72.025954,2,122.54694847720192,119.49822196729932,POINT (-72.025954 41.365919),Level 2 only,9,1-3
Connecticut Post Mall - Target,1201 Boston Post Rd,Milford,6am-12pm daily,0,2,0,NONE,POINT (-73.038159 41.235232),Daily,41.235232,-73.038159,2,45.411893893662956,39.07169645181747,POINT (-73.038159 41.235232),Level 2 only,158,1-3
SPIREP,1 N Water St,Norwalk,24 hours daily,0,2,0,NONE,POINT (-73.4165867 41.0999699),Daily,41.0999699,-73.4165867,2,41.11420826994497,32.89524253829539,POINT (-73.4165867 41.0999699),Level 2 only,159,1-3
Town of Norfolk - Town Clerk,19 Maple Ave,Norfolk,24 hours daily,0,2,0,NONE,POINT (-73.197598 41.990635),Daily,41.990635,-73.197598,2,62.95756031484131,69.53333666626075,POINT (-73.197598 41.990635),Level 2 only,160,1-3
Waterford Commons,915 Hartford Turnpike,Waterford,24 hours daily,0,0,6,NONE,POINT (-72.150349 41.380138),Daily,41.380138,-72.150349,6,112.03638834641157,109.05015317679181,POINT (-72.150349 41.380138),DC Fast only,161,4-6
Clinton Town Hall,54 E Main St,Clinton,24 hours daily,0,2,0,NONE,POINT (-72.524041 41.276743),Daily,41.276743,-72.524041,2,83.16496735104214,78.94114421635642,POINT (-72.524041 41.276743),Level 2 only,162,1-3
Cargill Chevrolet,23 Livery St,Putnam,24 hours daily,0,3,0,NONE,POINT (-71.90810200000001 41.916161),Daily,41.916161,-71.90810200000001,3,140.50652596078567,141.18533117979925,POINT (-71.90810200000001 41.916161),Level 2 only,163,1-3
Bedford Street Garage,17 Forest St,Stamford,restricted to garage hours; pay lot,0,4,0,NONE,POINT (-73.537286 41.056092),Pay Lot,41.056092,-73.537286,4,45.78234361799121,38.260731875080296,POINT (-73.537286 41.056092),Level 2 only,164,4-6
Pomfret Town Hall,5 Haven Rd,Pomfret,24 hours daily,0,2,0,NONE,POINT (-71.9986079999999 41.859648),Daily,41.859648,-71.9986079999999,2,131.32316725339138,131.81103672135248,POINT (-71.9986079999999 41.859648),Level 2 only,165,1-3
Delamar Greenwich Harbor - Tesla Destination,500 Steamboat Rd,Greenwich,24 hours daily; for customer use only; see valet for access,0,3,0,NONE,POINT (-73.623525 41.017757),Daily,41.017757,-73.623525,3,51.15698130842693,44.22320959389553,POINT (-73.623525 41.017757),Level 2 only,166,1-3
East Hartford Public Schools - Department of Facilities,734 Tolland St,East Hartford,24 hours daily,0,2,0,NONE,POINT (-72.602704 41.784813),Daily,41.784813,-72.602704,2,81.63508404658681,83.1541525305919,POINT (-72.602704 41.784813),Level 2 only,167,1-3
Windham Municipal Parking Lot,48 Church St,Willimantic,24 hours daily,0,2,0,NONE,POINT (-72.211716 41.712492),Daily,41.712492,-72.211716,2,109.68099865329395,109.4809423466657,POINT (-72.211716 41.712492),Level 2 only,168,1-3
Heritage Hotel - Tesla Destination,522 Heritage Rd,Southbury,24 hours daily; for customer use only; see front desk for access,0,2,0,NONE,POINT (-73.225707 41.491538),Daily,41.491538,-73.225707,2,21.891233206531982,21.895351803765127,POINT (-73.225707 41.491538),Level 2 only,169,1-3
Tri-Town Teachers Federal Credit Union,61 Jessup Rd,Westport,24 hours daily,0,2,0,NONE,POINT (-73.358893 41.140188),Daily,41.140188,-73.358893,2,37.761824344757834,29.380605880242914,POINT (-73.358893 41.140188),Level 2 only,170,1-3
Morgan Street Garage,155 Morgan St,Hartford,24 hours daily,0,4,0,NONE,POINT (-72.672545 41.769974),Daily,41.769974,-72.672545,4,75.68941894806974,77.34818393059497,POINT (-72.672545 41.769974),Level 2 only,171,4-6
NBCSG,Unnamed Road,Stamford,24 hours daily,0,8,0,NONE,POINT (-73.5160366 41.0532451),Daily,41.0532451,-73.5160366,8,45.96424322421505,38.28922821479414,POINT (-73.5160366 41.0532451),Level 2 only,172,7-9
Napoli Nissan,688 Bridgeport Ave,Milford,dealership business hours,0,1,0,NONE,POINT (-73.083686 41.209761),Business Hours,41.209761,-73.083686,1,44.10347915752808,37.20613151176709,POINT (-73.083686 41.209761),Level 2 only,173,1-3
Congregational Church of Somersville,22 Maple St,Somersville,24 hours daily,0,2,0,NONE,POINT (-72.489406 41.983904),Daily,41.983904,-72.489406,2,100.86728097226775,103.58386595800732,POINT (-72.489406 41.983904),Level 2 only,174,1-3
I-95 Darien NB Service Plaza - Tesla Supercharger,1 E Trail,Darien,24 hours daily; tesla users only,0,0,10,NONE,POINT (-73.462202 41.079848),Tesla,41.079848,-73.462202,10,42.98442429685542,34.98672321559448,POINT (-73.462202 41.079848),DC Fast only,175,10+
Town of Hamden - Spring Glen Municipal Parking Lot,1665 Whitney Ave,Hamden,24 hours daily,0,2,0,NONE,POINT (-72.909054 41.359826),Daily,41.359826,-72.909054,2,49.644063778400465,45.7528569525006,POINT (-72.909054 41.359826),Level 2 only,176,1-3
City of Milford - Parsons Government Center,70 W River St,Milford,24 hours daily,0,1,0,NONE,POINT (-73.062364 41.226575),Daily,41.226575,-73.062364,1,44.3293446934657,37.74527334735448,POINT (-73.062364 41.226575),Level 2 only,177,1-3
Hoffman Nissan,46 Albany Turnpike,West Simsbury,dealership business hours,0,1,0,NONE,POINT (-72.869319 41.820371),Business Hours,41.820371,-72.869319,1,64.66580587099723,67.89210887260884,POINT (-72.869319 41.820371),Level 2 only,178,1-3
Premier Chevrolet,512 Providence Rd,Brooklyn,dealership business hours,0,1,0,NONE,POINT (-71.906607 41.798222),Business Hours,41.798222,-71.906607,1,136.63668658616405,136.56649931787177,POINT (-71.906607 41.798222),Level 2 only,179,1-3
The Wallingford Victorian Inn - Tesla Destination,245 N Main St,Wallingford,24 hours daily; for customer use only,0,2,0,NONE,POINT (-72.815676 41.45749),Daily,41.45749,-72.815676,2,55.984146826963574,53.810993147893214,POINT (-72.815676 41.45749),Level 2 only,180,1-3
HONDADANBURY,102 Federal Rd,Danbury,24 hours daily,0,2,0,NONE,POINT (-73.4232598 41.4158651),Daily,41.4158651,-73.4232598,2,7.66914866951377,3.475111698668278,POINT (-73.4232598 41.4158651),Level 2 only,181,1-3
Village Center,87 Main St,East Hampton,24 hours daily,0,1,0,NONE,POINT (-72.501947 41.575311),Daily,41.575311,-72.501947,1,82.99578341145599,81.99953644457285,POINT (-72.501947 41.575311),Level 2 only,182,1-3
Connecticut Department of Corrections,38 Wolcott Hill Rd,Wethersfield,24 hours daily,0,2,0,NONE,POINT (-72.6724543999999 41.725002),Daily,41.725002,-72.6724543999999,2,73.62966129939566,74.80230686455698,POINT (-72.6724543999999 41.725002),Level 2 only,183,1-3
Stamford Marriott Hotel - Tesla Destination,243 Tresser Blvd,Stamford,24 hours daily; for customer use only,0,3,0,NONE,POINT (-73.53513900000002 41.051614),Daily,41.051614,-73.53513900000002,3,46.26099304437339,38.717798259538604,POINT (-73.53513900000002 41.051614),Level 2 only,184,1-3
Woodbridge Town Library,10 Newton Rd,Woodbridge,24 hours daily,0,2,0,NONE,POINT (-73.011407 41.353582),Daily,41.353582,-73.011407,2,41.58980650323609,37.30926506676209,POINT (-73.011407 41.353582),Level 2 only,185,1-3
Waterworks - Tesla Destination,60 Backus Ave,Danbury,24 hours daily; for customer use only,0,2,0,NONE,POINT (-73.491965 41.370291),Daily,41.370291,-73.491965,2,10.696216197637463,4.183114462580217,POINT (-73.491965 41.370291),Level 2 only,186,1-3
Town of East Haven,250 Main St,East Haven,24 hours daily,0,1,0,NONE,POINT (-72.871663 41.277368),Daily,41.277368,-72.871663,1,55.4966718634202,50.46115421446283,POINT (-72.871663 41.277368),Level 2 only,187,1-3
DECORMIER NISS,30 Tolland Turnpike,Manchester,24 hours daily,0,0,1,NONE,POINT (-72.5090873 41.813843),Daily,41.813843,-72.5090873,1,90.04795833119555,91.4909346593025,POINT (-72.5090873 41.813843),DC Fast only,39,1-3
Lia Nissan - Enfield,10 Palomba Dr,Enfield,dealership business hours,0,1,0,NONE,POINT (-72.574713 41.997574),Business Hours,41.997574,-72.574713,1,96.03869984007619,99.19322015775117,POINT (-72.574713 41.997574),Level 2 only,188,1-3
North Canaan Shopping Center - Tesla Supercharger,11 E Main St,North Canaan,24 hours daily; for tesla use only,0,0,8,NONE,POINT (-73.322808 42.024351),Tesla,42.024351,-73.322808,8,63.42519144608366,70.76835181287568,POINT (-73.322808 42.024351),DC Fast only,189,7-9
Lombard Ford,385 New Hartford Rd,Barkhamsted,dealership business hours; customer use only,0,2,0,NONE,POINT (-73.042576 41.909753),Business Hours,41.909753,-73.042576,2,61.520072187160395,66.67480012836904,POINT (-73.042576 41.909753),Level 2 only,190,1-3
Danbury Fair Mall,7 Backus Ave,Danbury,24 hours daily,0,0,2,NONE,POINT (-73.47904 41.380158),Daily,41.380158,-73.47904,2,9.603507049062118,2.6519792926946466,POINT (-73.47904 41.380158),DC Fast only,191,1-3
City of Milford - Public Library,57 New Haven Ave,Milford,24 hours daily,0,2,0,NONE,POINT (-73.053647 41.221934),Daily,41.221934,-73.053647,2,45.22323296034856,38.63578352791111,POINT (-73.053647 41.221934),Level 2 only,192,1-3
Public Parking Lot,1 Morse Ct,New Canaan,parking lot hours,0,1,0,NONE,POINT (-73.4924 41.1464),Other,41.1464,-73.4924,1,35.552843409011,27.77585812156714,POINT (-73.4924 41.1464),Level 2 only,193,1-3
Milford Travel Plaza - Tesla Supercharger,I-95 Milford,Milford,24 hours daily; for tesla use only,0,0,2,NONE,POINT (-73.009059 41.245823),Tesla,41.245823,-73.009059,2,46.81122578056787,40.763833447783725,POINT (-73.009059 41.245823),DC Fast only,194,1-3
TS,1 American Ln,Greenwich,24 hours daily,0,2,0,NONE,POINT (-73.7226456 41.0983971),Daily,41.0983971,-73.7226456,2,45.44467960502348,39.884144884459424,POINT (-73.7226456 41.0983971),Level 2 only,195,1-3
Russell Mercier Senior Center,14 Stonecroft Dr,Hebron,24 hours daily,0,2,0,NONE,POINT (-72.367191 41.65659),Daily,41.65659,-72.367191,2,95.65947556424115,95.25395588711986,POINT (-72.367191 41.65659),Level 2 only,196,1-3
Roger Ludlowe School,689 Unquowa Rd,Fairfield,school hours,0,2,0,NONE,POINT (-73.261769 41.148757),Other,41.148757,-73.261769,2,39.95919034236974,31.72118351575949,POINT (-73.261769 41.148757),Level 2 only,197,1-3
Town of Hebron,15 Gilead St,Hebron,24 hours daily,0,2,0,NONE,POINT (-72.366742 41.658572),Daily,41.658572,-72.366742,2,95.7434231573322,95.35571586119991,POINT (-72.366742 41.658572),Level 2 only,198,1-3
Southington Municipal Center,200 N Main St,Southington,24 hours daily,0,2,0,NONE,POINT (-72.87939 41.606301),Daily,41.606301,-72.87939,2,52.92377659723661,53.41899764807153,POINT (-72.87939 41.606301),Level 2 only,199,1-3
Middletown School District - Middletown High School,200 LaRosa Ln,Middletown,24 hours daily,0,2,0,NONE,POINT (-72.681921 41.576716),Daily,41.576716,-72.681921,2,68.19607770760695,67.57108645543356,POINT (-72.681921 41.576716),Level 2 only,200,1-3
Town of Groton - Town Hall Annex,134 Groton Long Point Rd,Groton,24 hours daily,0,2,0,NONE,POINT (-72.009806 41.341893000000006),Daily,41.341893000000006,-72.009806,2,124.18293310340515,120.97094260409906,POINT (-72.009806 41.341893000000006),Level 2 only,201,1-3
TOWN HALL,31 Park Street,Guilford,24 hours daily,0,2,0,NONE,POINT (-72.6798002 41.2832367),Daily,41.2832367,-72.6798002,2,70.42168366061568,65.97743704551563,POINT (-72.6798002 41.2832367),Level 2 only,202,1-3
TRUMBULL MALL,5065 Main Street,Trumbull,24 hours daily,0,2,0,NONE,POINT (-73.2246399 41.2286526),Daily,41.2286526,-73.2246399,2,34.27766968100921,26.635778911763,POINT (-73.2246399 41.2286526),Level 2 only,203,1-3
Parthenon Diner of Old Saybrook - Tesla Destination,809 Boston Post Rd,Old Saybrook,24 hours daily; for customer use only,0,1,0,NONE,POINT (-72.38345 41.292172),Daily,41.292172,-72.38345,1,94.21225405414641,90.32428401161138,POINT (-72.38345 41.292172),Level 2 only,204,1-3
Western Connecticut State University,43 Lake Ave Extension,Danbury,24 hours daily,0,1,0,NONE,POINT (-73.492801 41.394446),Daily,41.394446,-73.492801,1,8.02272949850443,3.2443139638511087,POINT (-73.492801 41.394446),Level 2 only,205,1-3
BIG Y FOODS,224 Salem Turnpike,Norwich,24 hours daily,0,2,0,NONE,POINT (-72.12423 41.505790000000005),Daily,41.505790000000005,-72.12423,2,113.78260336793265,111.79677134950298,POINT (-72.12423 41.505790000000005),Level 2 only,206,1-3
Ridgeway Shopping Center,2202 Bedford St,Stamford,24 hours daily,0,0,1,NONE,POINT (-73.545939 41.068654),Daily,41.068654,-73.545939,1,44.470145960834316,37.033989599824906,POINT (-73.545939 41.068654),DC Fast only,207,1-3
Clark Memorial Library,538 Amity Rd,Bethany,24 hours daily,0,2,0,NONE,POINT (-72.99499 41.427276),Daily,41.427276,-72.99499,2,41.234611261923476,38.54779220208824,POINT (-72.99499 41.427276),Level 2 only,208,1-3
City of New Haven - Orchard Sherman Parking Lot,102 N Frontage Rd,New Haven,24 hours daily; pay lot,0,2,0,NONE,POINT (-72.944576 41.306583),Daily,41.306583,-72.944576,2,48.61810205059226,43.745051003608445,POINT (-72.944576 41.306583),Level 2 only,209,1-3
Town of Westport - Westport Metro North,1 Railroad Pl,Westport,24 hours daily; pay lot,1,1,0,NONE,POINT (-73.369266 41.119291),Daily,41.119291,-73.369266,2,39.772825185045335,31.413022938938326,POINT (-73.369266 41.119291),Level 1 and 2,210,1-3
Greenwich Northbound Travel Plaza - Tesla Supercharger,3000 Merritt Parkway,Greenwich,24 hours daily; for tesla use only,0,0,4,NONE,POINT (-73.671661 41.041538),Tesla,41.041538,-73.671661,4,49.7013988948353,43.27192881285124,POINT (-73.671661 41.041538),DC Fast only,211,4-6
Central Connecticut State University- Welte Garage,39 Ella Grasso Blvd,New Britain,24 hours daily,0,3,0,NONE,POINT (-72.769268 41.692299),Daily,41.692299,-72.769268,3,64.794930811673,65.9999810781797,POINT (-72.769268 41.692299),Level 2 only,212,1-3
Isham Garage,17 Isham Rd,West Hartford,garage business hours; pay lot,0,1,0,NONE,POINT (-72.740521 41.760873),Business Hours,41.760873,-72.740521,1,70.18926797368326,72.06508369009329,POINT (-72.740521 41.760873),Level 2 only,213,1-3
GENE LANGAN VW,816 New London Turnpike,Glastonbury,24 hours daily,0,2,0,NONE,POINT (-72.593366 41.704415),Daily,41.704415,-72.593366,2,78.95954922839233,79.61360363715974,POINT (-72.593366 41.704415),Level 2 only,214,1-3
I-91 Tech Park,845 Brook St,Rocky Hill,24 hours daily; priority for connecticut green bank employees,0,2,0,NONE,POINT (-72.676125 41.641774),Daily,41.641774,-72.676125,2,70.28803590954267,70.48715991357565,POINT (-72.676125 41.641774),Level 2 only,215,1-3
Homestead Inn - Tesla Destination,5 Elm St,New Milford,24 hours daily; for customer use only; see front desk for access,0,2,0,NONE,POINT (-73.411005 41.580889),Daily,41.580889,-73.411005,2,14.152685734691744,20.975542655493896,POINT (-73.411005 41.580889),Level 2 only,216,1-3
Western Connecticut State University,179 White St,Danbury,24 hours daily,0,2,0,NONE,POINT (-73.44475 41.399432),Daily,41.399432,-73.44475,2,8.19502677003213,0.9287301592697994,POINT (-73.44475 41.399432),Level 2 only,217,1-3
Grace Mayflower Inn and Spa - Tesla Destination,118 Woodbury Rd,"Rte 47, Washington",24 hours daily; for customer use only; see front desk for access,0,3,0,NONE,POINT (-73.305987 41.628601),Daily,41.628601,-73.305987,3,23.430256412076336,28.755492147963086,POINT (-73.305987 41.628601),Level 2 only,218,1-3
I-95 Madison SB Service Plaza - Tesla Supercharger,I-95 South Bound,Madison,24 hours daily; tesla users only,0,0,10,NONE,POINT (-72.5793623215072 41.291902304928),Tesla,41.291902304928,-72.5793623215072,10,78.25407268384535,74.09208987061874,POINT (-72.5793623215072 41.291902304928),DC Fast only,219,10+
Bishop's Orchards Farm Market,1355 Boston Post Rd,Guilford,24 hours daily,0,2,0,NONE,POINT (-72.695702 41.290395),Daily,41.290395,-72.695702,2,68.91598125921804,64.5195669007967,POINT (-72.695702 41.290395),Level 2 only,220,1-3
Campus at Greenhill,108 Leigus Road,Wallingford,mo: 12:00am-12:00am; tu: 12:00am-12:00am; we: 12:00am-12:00am; th: 12:00am-12:00am; fr: 12:00am-12:00am; sa: 12:00am-12:00am; su: 12:00am-12:00am,0,4,0,NONE,POINT (-72.775522 41.478889),Other,41.478889,-72.775522,4,59.33612026685991,57.46966921242336,POINT (-72.775522 41.478889),Level 2 only,221,4-6
Connecticut Department of Motor Vehicles,1365 Highland Ave,Cheshire,9am-5pm m-f,0,1,0,NONE,POINT (-72.8935933 41.5374181),Other,41.5374181,-72.8935933,1,50.05911654963388,49.42331340632411,POINT (-72.8935933 41.5374181),Level 2 only,222,1-3
Town of Glastonbury - Town Hall,2155 Main St,Glastonbury,24 hours daily,0,1,0,NONE,POINT (-72.611655 41.706856),Daily,41.706856,-72.611655,1,77.61568723374948,78.35850616215404,POINT (-72.611655 41.706856),Level 2 only,223,1-3
Greenâ€™s Farms Railroad Station,2 Post Office Ln,Westport,24 hours daily,0,1,0,NONE,POINT (-73.315136 41.122442),Daily,41.122442,-73.315136,1,40.79193230960806,32.411358500802926,POINT (-73.315136 41.122442),Level 2 only,224,1-3
Connecticut Insurance Exchange of Southington,1133 Meriden-Waterbury Turnpike,Plantsville,24 hours daily,0,1,0,NONE,POINT (-72.88305 41.564358),Daily,41.564358,-72.88305,1,51.46622316778429,51.270795894958354,POINT (-72.88305 41.564358),Level 2 only,225,1-3
HOFFMAN HONDA 1,40 Albany Turnpike,Simsbury,24 hours daily,0,4,0,NONE,POINT (-72.869331 41.818224),Daily,41.818224,-72.869331,4,64.52102466342306,67.72617612561555,POINT (-72.869331 41.818224),Level 2 only,226,4-6
CT RAIL,51 Depot Rd,Berlin,24 hours daily,0,2,0,NONE,POINT (-72.7653384 41.6356154),Daily,41.6356154,-72.7653384,2,62.965473229862624,63.40414967720753,POINT (-72.7653384 41.6356154),Level 2 only,227,1-3
Three Rivers Community College,574 New London Turnpike,Norwich,24 hours daily,0,2,0,NONE,POINT (-72.10451 41.510596),Daily,41.510596,-72.10451,2,115.44541132146605,113.48972173322589,POINT (-72.10451 41.510596),Level 2 only,228,1-3
Town of Stafford - Public Works Garage,210 E St,Stafford Springs,24 hours daily,0,1,0,NONE,POINT (-72.290233 41.984164),Daily,41.984164,-72.290233,1,114.88936395152355,116.92455395688947,POINT (-72.290233 41.984164),Level 2 only,229,1-3
Woodbridge Town Hall,11 Meetinghouse Ln,Woodbridge,24 hours daily,0,2,0,NONE,POINT (-73.014176 41.354138),Daily,41.354138,-73.014176,2,41.35028417025498,37.071649320114545,POINT (-73.014176 41.354138),Level 2 only,230,1-3
Steelpointe Harbor,255 East Main Street,Bridgeport,mo: not specified; tu: not specified; we: not specified; th: not specified; fr: not specified; sa: not specified; su: not specified,0,4,0,NONE,POINT (-73.18122320000002 41.1781223),Other,41.1781223,-73.18122320000002,4,40.931333864606614,33.18668634208083,POINT (-73.18122320000002 41.1781223),Level 2 only,231,4-6
COMM LOT STA 1,5 Depot Pl,Bethel,24 hours daily,0,2,0,NONE,POINT (-73.4145557 41.3703626),Daily,41.3703626,-73.4145557,2,12.21955175906778,4.274156655867975,POINT (-73.4145557 41.3703626),Level 2 only,232,1-3
The Promenade Shops at Evergreen Walk - Tesla Destination,401 Evergreen Wy,South Windsor,24 hours daily,0,2,0,NONE,POINT (-72.556345 41.812203),Daily,41.812203,-72.556345,2,86.42663310486097,88.02680200268681,POINT (-72.556345 41.812203),Level 2 only,233,1-3
TOWN OF PUTNAM,1-73 Canal St,Putnam,24 hours daily,0,2,0,NONE,POINT (-71.9098896 41.914513),Daily,41.914513,-71.9098896,2,140.3039917506245,140.97600895041822,POINT (-71.9098896 41.914513),Level 2 only,234,1-3
Maritime Garage,11 North Water Street,Norwalk,mon: 24 hours | tue: 24 hours | wed: 24 hours | thu: 24 hours | fri: 24 hours | sat: 24 hours | sun: 24 hours,0,1,0,NONE,POINT (-73.418955 41.104278),Daily,41.104278,-73.418955,1,40.61278215845645,32.40040083337868,POINT (-73.418955 41.104278),Level 2 only,235,1-3
GE WS - Price Chopper #243 Storrs CT 2,1220  Storrs Rd,Mansfield,24 hours daily,0,1,0,NONE,POINT (-72.241315 41.801976),Daily,41.801976,-72.241315,1,110.17574757187684,110.75324452240244,POINT (-72.241315 41.801976),Level 2 only,236,1-3
Stratford Square,411 Barnum Ave Cutoff,Stratford,24 hours daily,0,0,8,NONE,POINT (-73.122342 41.198018),Daily,41.198018,-73.122342,8,42.59193892241121,35.34697923404858,POINT (-73.122342 41.198018),DC Fast only,237,7-9
Cumberland Farms,471 New Park Ave,West Hartford,24 hours daily,0,0,1,NONE,POINT (-72.718112 41.741696),Daily,41.741696,-72.718112,1,70.91190165414156,72.4687925627375,POINT (-72.718112 41.741696),DC Fast only,238,1-3
City of New Haven - Air Rights Garage,60 York St,New Haven,24 hours daily; pay lot,0,5,0,NONE,POINT (-72.934141 41.305265),Daily,41.305265,-72.934141,5,49.484826784151345,44.62938337914432,POINT (-72.934141 41.305265),Level 2 only,239,4-6
Lime Rock Park - Tesla Destination,60 White Hollow Rd,Lakeville,24 hours daily; for customer use only,0,11,0,NONE,POINT (-73.389367 41.930342),Daily,41.930342,-73.389367,11,52.13964092580899,59.722190503603876,POINT (-73.389367 41.930342),Level 2 only,240,10+
Danbury Fair Mall - Tesla Supercharger,7 Backus Ave,Danbury,24 hours daily; for tesla use only,0,0,10,NONE,POINT (-73.477961 41.379441),Tesla,41.379441,-73.477961,10,9.688594392106609,2.632290611118427,POINT (-73.477961 41.379441),DC Fast only,191,10+
Western Connecticut State University,198 White St,Danbury,24 hours daily,0,4,0,NONE,POINT (-73.443485 41.398492),Daily,41.398492,-73.443485,4,8.33420626900797,0.9703034962078256,POINT (-73.443485 41.398492),Level 2 only,241,4-6
Coventry High School,78 Ripley Hill Rd,Coventry,24 hours daily,0,2,0,NONE,POINT (-72.313767 41.782923),Daily,41.782923,-72.313767,2,103.79257931016329,104.38965246205555,POINT (-72.313767 41.782923),Level 2 only,242,1-3
Bell Street Garage,28 Bell St,Stamford,restricted to garage hours; pay lot,0,3,0,NONE,POINT (-73.540733 41.052215),Pay Lot,41.052215,-73.540733,3,46.238938099993625,38.73739224271076,POINT (-73.540733 41.052215),Level 2 only,243,1-3
Groton New London Airport,155 Tower Ave,Groton,24 hours daily,0,2,0,NONE,POINT (-72.044683 41.332527),Daily,41.332527,-72.044683,2,121.41689521983322,118.12138065115838,POINT (-72.044683 41.332527),Level 2 only,244,1-3
TEN TEN WASH,1010 Washington Blvd,Stamford,24 hours daily,0,2,0,NONE,POINT (-73.5431681 41.0535888),Daily,41.0535888,-73.5431681,2,46.10800596302738,38.62653035803077,POINT (-73.5431681 41.0535888),Level 2 only,245,1-3
RSI EAST,1115 West St,Southington,24 hours daily,0,2,0,NONE,POINT (-72.8973437 41.618456),Daily,41.618456,-72.8973437,2,51.91210580117974,52.6956361444721,POINT (-72.8973437 41.618456),Level 2 only,246,1-3
University of Connecticut - School of Law,55 Elizabeth St,Hartford,lot business hours,0,2,0,NONE,POINT (-72.70705 41.772484),Business Hours,41.772484,-72.70705,2,73.25360471337514,75.09441002865539,POINT (-72.70705 41.772484),Level 2 only,247,1-3
CROWLEY VW,245 New Britain Ave,Plainville,24 hours daily,0,2,0,NONE,POINT (-72.8411522 41.6771741),Daily,41.6771741,-72.8411522,2,58.62816176887407,59.991804458935626,POINT (-72.8411522 41.6771741),Level 2 only,248,1-3
Homewood Suites,99 Marsh Hill Rd,Orange,for guest use only,0,8,0,NONE,POINT (-72.998271 41.252117),Other,41.252117,-72.998271,8,47.22481789596943,41.31610273765279,POINT (-72.998271 41.252117),Level 2 only,249,7-9
Asnuntuck Community College,170 Elm St,Enfield,24 hours daily,0,3,0,NONE,POINT (-72.5697849 42.0000268),Daily,42.0000268,-72.5697849,3,96.52843616621979,99.67878454729299,POINT (-72.5697849 42.0000268),Level 2 only,250,1-3
Fairfield NB - Tesla Supercharger,165 Round Hill Road,Fairfield,24 hours daily; for tesla use only,0,0,12,NONE,POINT (-73.257123 41.146214),Tesla,41.146214,-73.257123,12,40.39187941063434,32.16288974415837,POINT (-73.257123 41.146214),DC Fast only,251,10+
Connecticut Department of Energy and Environmental Protection - Marine Headquarters,333 Ferry Rd,Old Lyme,24 hours daily,0,2,0,NONE,POINT (-72.345572 41.312148),Daily,41.312148,-72.345572,2,96.88399892028222,93.21133422365261,POINT (-72.345572 41.312148),Level 2 only,252,1-3
Precision Motors of Mystic,2400 Gold Star Hwy,Mystic,24 hours daily,0,2,0,NONE,POINT (-71.988657 41.390465),Daily,41.390465,-71.988657,2,125.41593555847521,122.55279645502742,POINT (-71.988657 41.390465),Level 2 only,253,1-3
Wesleyan University,161 Cross St,Middletown,24 hours daily,0,4,0,NONE,POINT (-72.662214 41.550883),Daily,41.550883,-72.662214,4,69.38282150844228,68.37287169853168,POINT (-72.662214 41.550883),Level 2 only,254,4-6
BMW BRIDGEPORT,43 North Ave,Bridgeport,24 hours daily,0,2,0,NONE,POINT (-73.1897466 41.2020685),Daily,41.2020685,-73.1897466,2,38.41893458804729,30.791642887196392,POINT (-73.1897466 41.2020685),Level 2 only,255,1-3
Connecticut State Capitol,210 Capitol Ave,Hartford,24 hours daily,0,2,0,NONE,POINT (-72.682868 41.764759),Daily,41.764759,-72.682868,2,74.6636906884157,76.31310724268282,POINT (-72.682868 41.764759),Level 2 only,256,1-3
Executive Nissan,900 Universal Dr N,North Haven,dealership business hours,0,1,1,NONE,POINT (-72.870997 41.360892),Business Hours,41.360892,-72.870997,2,52.71258405932421,48.916027481693355,POINT (-72.870997 41.360892),Level 2 and DC Fast,257,1-3
Propark Harbor Point Gateway Garage - Tesla Destination,406-424 Washington Blvd,Stamford,24 hours daily,0,2,0,NONE,POINT (-73.543258 41.045384000000006),Daily,41.045384000000006,-73.543258,2,47.01510103845468,39.522393497646924,POINT (-73.543258 41.045384000000006),Level 2 only,258,1-3
Wallingford Shopping Center,930 N Colony Rd,Wallingford,24 hours daily,0,2,0,NONE,POINT (-72.807124 41.483774),Daily,41.483774,-72.807124,2,56.710783591404116,54.95819053481962,POINT (-72.807124 41.483774),Level 2 only,259,1-3
Fairfield Parks and Recreation Center,75 Mill Plain Rd,Fairfield,24 hours daily,0,2,0,NONE,POINT (-73.263962 41.142152),Daily,41.142152,-73.263962,2,40.52436162087165,32.26456187664488,POINT (-73.263962 41.142152),Level 2 only,260,1-3
The Westport Library,20 Jesup Road,Westport,mo: not specified; tu: not specified; we: not specified; th: not specified; fr: not specified; sa: not specified; su: not specified,0,2,0,NONE,POINT (-73.3613829 41.1396711),Other,41.1396711,-73.3613829,2,37.75891022931171,29.380064333910326,POINT (-73.3613829 41.1396711),Level 2 only,261,1-3
Homestead Inn - Thomas Henkelmann - Tesla Destination,420 Field Point Rd,Greenwich,24 hours daily; for customer use only; see front desk for access,0,3,0,NONE,POINT (-73.634045 41.015276),Daily,41.015276,-73.634045,3,51.630778718505326,44.77409713487556,POINT (-73.634045 41.015276),Level 2 only,262,1-3
MORSCHES FF,95 Reef Rd,Fairfield,24 hours daily,0,2,0,NONE,POINT (-73.2564712 41.1399023),Daily,41.1399023,-73.2564712,2,41.03642105846951,32.794517628518214,POINT (-73.2564712 41.1399023),Level 2 only,263,1-3
Panera Bread,1129 Silas Deane Hwy,Wethersfield,24 hours daily,0,1,0,NONE,POINT (-72.656507 41.691611),Daily,41.691611,-72.656507,1,73.52985335231244,74.26068171343736,POINT (-72.656507 41.691611),Level 2 only,264,1-3
Hoffman Toyota,36 Albany Turnpike,West Simsbury,dealership business hours,0,1,0,NONE,POINT (-72.867973 41.818345),Business Hours,41.818345,-72.867973,1,64.61919084779758,67.81697253631475,POINT (-72.867973 41.818345),Level 2 only,265,1-3
Ferguson Library - Harry Bennett Branch,115 Vine Rd,Stamford,24 hours daily,0,2,0,NONE,POINT (-73.544039 41.099044),Daily,41.099044,-73.544039,2,41.099399639041486,33.70379739123597,POINT (-73.544039 41.099044),Level 2 only,266,1-3
City of Hartford - Department of Public Works,50 Jennings Rd,Hartford,24 hours daily,0,1,0,NONE,POINT (-72.652406 41.785974),Daily,41.785974,-72.652406,1,77.98053973854698,79.71562279057396,POINT (-72.652406 41.785974),Level 2 only,267,1-3
Hammonasset Beach State Park - North,1288 Boston Post Rd,Madison,24 hours daily,0,4,0,NONE,POINT (-72.561988 41.26449),Daily,41.26449,-72.561988,4,80.47365115204485,76.0647920145496,POINT (-72.561988 41.26449),Level 2 only,23,4-6
Metro Center Garage,1 Station Place,Stamford,mo: not specified; tu: not specified; we: not specified; th: not specified; fr: not specified; sa: not specified; su: not specified,0,1,0,NONE,POINT (-73.54198740000001 41.0457112),Other,41.0457112,-73.54198740000001,1,46.96813607756451,39.46665656749271,POINT (-73.54198740000001 41.0457112),Level 2 only,268,1-3
Middletown Nissan,1153 Newfield St,Middletown,dealership business hours,0,3,1,NONE,POINT (-72.676141 41.59054),Business Hours,41.59054,-72.676141,4,68.95396311155362,68.49692981389997,POINT (-72.676141 41.59054),Level 2 and DC Fast,269,4-6
Wesleyan University,Lawn Ave & High St,Middletown,24 hours daily,1,2,0,NONE,POINT (-72.65395 41.553597),Daily,41.553597,-72.65395,3,70.10599553878251,69.11577780085466,POINT (-72.65395 41.553597),Level 1 and 2,270,1-3
Newington Town Center - Municipal Parking Lot,83 Market Square,Newington,24 hours daily,0,2,0,NONE,POINT (-72.721392 41.696446),Daily,41.696446,-72.721392,2,68.66177613766753,69.70538032992779,POINT (-72.721392 41.696446),Level 2 only,271,1-3
Ridgeway Shopping Center - Tesla Supercharger,2233 Summer Street,Stamford,24 hours daily; for tesla use only,0,0,12,NONE,POINT (-73.546435 41.068704),Tesla,41.068704,-73.546435,12,44.46936779413286,37.03723558570227,POINT (-73.546435 41.068704),DC Fast only,272,10+
Connecticut Post Mall - NW Entrance,1201 Boston Post Rd,Milford,6am-12pm daily,0,2,0,NONE,POINT (-73.036899 41.23608),Daily,41.23608,-73.036899,2,45.44559995548975,39.12302090057825,POINT (-73.036899 41.23608),Level 2 only,158,1-3
Girard Nissan,425 Gold Star Hwy,Groton,dealership business hours,0,1,0,NONE,POINT (-72.054118 41.370989),Business Hours,41.370989,-72.054118,1,120.1467651272479,117.124639153163,POINT (-72.054118 41.370989),Level 2 only,273,1-3
Milford Travel Plaza - Tesla Supercharger,I-95 Milford,Milford,24 hours daily; for tesla use only,0,0,2,NONE,POINT (-73.010522 41.246242),Tesla,41.246242,-73.010522,2,46.68245567054676,40.632890808928884,POINT (-73.010522 41.246242),DC Fast only,194,1-3
Goodwin University,211 Riverside Dr,East Hartford,24 hours daily,0,2,0,NONE,POINT (-72.640075 41.743194),Daily,41.743194,-72.640075,2,76.89855039041812,78.13996146489694,POINT (-72.640075 41.743194),Level 2 only,274,1-3
Greater Hartford Transit District - Spruce Street Lot,1 Union Pl,Hartford,24 hours daily; pay lot,1,1,0,NONE,POINT (-72.68182500000002 41.769417),Daily,41.769417,-72.68182500000002,2,74.97019093078444,76.66398883732724,POINT (-72.68182500000002 41.769417),Level 1 and 2,275,1-3
Illiano's Restaurant,257 W Town St,Yantic,11am-10pm daily,0,1,0,NONE,POINT (-72.113144 41.55775),Daily,41.55775,-72.113144,1,115.02629415603117,113.44935044798835,POINT (-72.113144 41.55775),Level 2 only,276,1-3
Town of Hamden - Police Department,2900 Dixwell Ave,Hamden,24 hours daily,0,2,0,NONE,POINT (-72.903596 41.384051),Daily,41.384051,-72.903596,2,49.51121286451899,46.051081002746024,POINT (-72.903596 41.384051),Level 2 only,277,1-3
Fairfield Senior Center,100 Mona Terrace,Fairfield,24 hours daily,0,2,0,NONE,POINT (-73.26088 41.132277),Daily,41.132277,-73.26088,2,41.61895003619862,33.34791297408926,POINT (-73.26088 41.132277),Level 2 only,278,1-3
Butler Street Parking Lot,30 Butler St,Meriden,24 hours daily,0,2,0,NONE,POINT (-72.805988 41.53697),Daily,41.53697,-72.805988,2,57.287338826840006,56.390845580847426,POINT (-72.805988 41.53697),Level 2 only,279,1-3
Propark - 777 Main,777 Main St,Hartford,restricted to garage hours; pay lot,0,17,1,NONE,POINT (-72.67363400000002 41.766034),Pay Lot,41.766034,-72.67363400000002,18,75.41594338332924,77.03827946171542,POINT (-72.67363400000002 41.766034),Level 2 and DC Fast,280,10+
JOHN ST CHARGER,234 John St,Bridgeport,24 hours daily,0,2,0,NONE,POINT (-73.1911131 41.1772308),Daily,41.1772308,-73.1911131,2,40.499465305666575,32.69496747621989,POINT (-73.1911131 41.1772308),Level 2 only,281,1-3
Peck Lane Plaza Shopping Center,550 Boston Post Rd,Orange,24 hours daily,0,0,1,NONE,POINT (-73.017784 41.251801),Daily,41.251801,-73.017784,1,45.84043333964753,39.826395748505604,POINT (-73.017784 41.251801),DC Fast only,282,1-3
PRESTIGE VW,42-46 W Broad St,Stamford,24 hours daily,0,2,0,NONE,POINT (-73.5464906 41.0553525),Daily,41.0553525,-73.5464906,2,45.943258758756606,38.48952110635371,POINT (-73.5464906 41.0553525),Level 2 only,283,1-3
Fairfield Recreation Center,75 Mill Plain Rd,Fairfield,24 hours daily,0,2,0,NONE,POINT (-73.264636 41.14221200000001),Daily,41.14221200000001,-73.264636,2,40.492599512382405,32.23092091715948,POINT (-73.264636 41.14221200000001),Level 2 only,260,1-3
Norwalk Community College,188 Richards Ave,Norwalk,"7am-10pm m-f, 8am-5pm sat",0,2,0,NONE,POINT (-73.452539 41.102848),Other,41.102848,-73.452539,2,40.48042141943682,32.42593848512014,POINT (-73.452539 41.102848),Level 2 only,284,1-3
LAZ Fly Airport Parking,24 Ella Grasso Turnpike,Windsor Locks,24 hours daily,0,2,0,NONE,POINT (-72.672748 41.918347),Daily,41.918347,-72.672748,2,84.25318654949862,87.26786436835366,POINT (-72.672748 41.918347),Level 2 only,285,1-3
CT RAIL,60 State St,Meriden,24 hours daily,0,2,0,NONE,POINT (-72.8007814 41.5394301),Daily,41.5394301,-72.8007814,2,57.75462869116562,56.884085966720306,POINT (-72.8007814 41.5394301),Level 2 only,286,1-3
Killingly Town Hall,172 Main St,Killingly,24 hours daily,0,1,0,NONE,POINT (-71.88232300000001 41.80577),Daily,41.80577,-71.88232300000001,1,138.80391012111085,138.74681672330925,POINT (-71.88232300000001 41.80577),Level 2 only,287,1-3
Central Connecticut State University - Welte Hall Parking Lot,105 Ella Grasso Blvd,New Britain,24 hours daily,0,3,0,NONE,POINT (-72.768107 41.693501),Daily,41.693501,-72.768107,3,64.9354222679441,66.15024757268499,POINT (-72.768107 41.693501),Level 2 only,288,1-3
The Inn at Woodstock Hill,94 Plaine Hill Rd,Woodstock,24 hours daily,1,1,0,NONE,POINT (-71.97262186000002 41.94378281),Daily,41.94378281,-71.97262186000002,2,136.63538688726968,137.6095277346704,POINT (-71.97262186000002 41.94378281),Level 1 and 2,289,1-3
Wilton Public Library,137 Old Ridgefield Rd,Wilton,"10am-8pm m-th, 10am-6pm f, 10am-5pm sat, 1pm-5pm sun (sunday hours in winter only)",0,1,0,NONE,POINT (-73.43124 41.192802),Other,41.192802,-73.43124,1,30.734865860259333,22.516630175403318,POINT (-73.43124 41.192802),Level 2 only,290,1-3
HAJJAR,213 Court St,Middletown,24 hours daily,0,2,0,NONE,POINT (-72.65018090000001 41.5590961),Daily,41.5590961,-72.65018090000001,2,70.5012400352344,69.57514378396225,POINT (-72.65018090000001 41.5590961),Level 2 only,291,1-3
Goodwin University,403 Main St,East Hartford,24 hours daily,0,2,0,NONE,POINT (-72.639362 41.749499),Daily,41.749499,-72.639362,2,77.2322346102013,78.53765228309541,POINT (-72.639362 41.749499),Level 2 only,292,1-3
Stony Creek Brewery - Tesla Destination,5 Indian Neck Ave,Branford,24 hours daily,0,1,0,NONE,POINT (-72.812491 41.274658),Daily,41.274658,-72.812491,1,60.21489135288743,55.333580254867464,POINT (-72.812491 41.274658),Level 2 only,293,1-3
Big Y,1021 Main St,Cheshire,24 hours daily,0,2,0,NONE,POINT (-72.907523 41.476271),Daily,41.476271,-72.907523,2,48.30719467254349,46.56205486046122,POINT (-72.907523 41.476271),Level 2 only,294,1-3
Connecticut Post Mall - Dave & Buster's,1201 Boston Post Rd,Milford,6am-12am daily,0,2,0,NONE,POINT (-73.033472 41.23636),Daily,41.23636,-73.033472,2,45.665417403388844,39.365421373360896,POINT (-73.033472 41.23636),Level 2 only,158,1-3
City of Middletown - Mellili Plaza Public Parking,245 DeKoven Dr,Middletown,24 hours daily,0,12,0,NONE,POINT (-72.648056 41.561647),Daily,41.561647,-72.648056,12,70.71715985706855,69.819804361544,POINT (-72.648056 41.561647),Level 2 only,295,10+
Ford of Branford,301 E Main St,Branford,dealership business hours; ford use only,0,2,0,NONE,POINT (-72.789844 41.292505000000006),Business Hours,41.292505000000006,-72.789844,2,61.33018018254949,56.73786392866729,POINT (-72.789844 41.292505000000006),Level 2 only,296,1-3
Morton Government Center,239 John St,Bridgeport,24 hours daily,0,1,0,NONE,POINT (-73.191423 41.177007),Daily,41.177007,-73.191423,1,40.50342145876637,32.69589594910345,POINT (-73.191423 41.177007),Level 2 only,297,1-3
Town of Groton - Public Library,52 Newtown Rd,Groton,24 hours daily,0,2,0,NONE,POINT (-72.028928 41.347552),Daily,41.347552,-72.028928,2,122.51951986730283,119.33861622646661,POINT (-72.028928 41.347552),Level 2 only,298,1-3
Burlington Library,34 Library Ln,Burlington,24 hours daily,0,2,0,NONE,POINT (-72.967327 41.771305),Daily,41.771305,-72.967327,2,54.88624717406107,58.27118218910024,POINT (-72.967327 41.771305),Level 2 only,299,1-3
Bruce Bennett Nissan,978 Danbury Rd,Wilton,dealership business hours,0,1,1,NONE,POINT (-73.435546 41.258992),Business Hours,41.258992,-73.435546,2,23.422835882500436,15.163757911280602,POINT (-73.435546 41.258992),Level 2 and DC Fast,300,1-3
Park 'N Fly - Bradley International Airport,1186 South St,Suffield,24 hours daily; pay lot; see attendant for access,0,2,0,NONE,POINT (-72.663078 41.951328),Daily,41.951328,-72.663078,2,87.10288957141671,90.323648167294,POINT (-72.663078 41.951328),Level 2 only,301,1-3
Van Wilgen's Garden Center,51 Valley Rd,North Branford,9am-5pm m-f,0,1,0,NONE,POINT (-72.766102 41.306955),Other,41.306955,-72.766102,1,62.739882264023535,58.390301816263886,POINT (-72.766102 41.306955),Level 2 only,302,1-3
REYNOLDS SUBARU,272 Hamburg Rd,Lyme,24 hours daily,0,2,0,NONE,POINT (-72.3518219 41.3890729),Daily,41.3890729,-72.3518219,2,95.16626031994363,92.18296972331753,POINT (-72.3518219 41.3890729),Level 2 only,303,1-3
Tingue Dam Bypass Channel - Wakeley Street Parking Lot,37 Wakeley St,Seymour,24 hours daily,0,2,0,NONE,POINT (-73.075525 41.394315000000006),Daily,41.394315000000006,-73.075525,2,35.20736796008666,31.65336531936317,POINT (-73.075525 41.394315000000006),Level 2 only,304,1-3
Mohegan Sun,1 Mohegan Sun Blvd,Uncasville,24 hours daily,0,4,0,NONE,POINT (-72.091456 41.491597),Daily,41.491597,-72.091456,4,116.48193328894511,114.37244173975904,POINT (-72.091456 41.491597),Level 2 only,126,4-6
COMCAST,90 Phoenix Ave,Enfield,24 hours daily,0,4,0,NONE,POINT (-72.581611 41.977252),Daily,41.977252,-72.581611,4,94.21978117471346,97.26308101517908,POINT (-72.581611 41.977252),Level 2 only,305,4-6
Greenlots - 92143,665 Commerce Dr,Fairfield,24 hours daily,0,2,0,NONE,POINT (-73.23358 41.163146),Daily,41.163146,-73.23358,2,39.75570375715037,31.67085383402025,POINT (-73.23358 41.163146),Level 2 only,306,1-3
777 Main Street - Tesla Supercharger,777 Main Street,Hartford,24 hours daily; for tesla use only,0,0,6,NONE,POINT (-72.674129 41.766493),Tesla,41.766493,-72.674129,6,75.40122037166081,77.03052576271577,POINT (-72.674129 41.766493),DC Fast only,307,4-6
BMW RIDGEFIELD,746 Danbury Rd,Ridgefield,24 hours daily,0,0,1,NONE,POINT (-73.4722156 41.3305782),Daily,41.3305782,-73.4722156,1,15.135762395320054,7.295212874240985,POINT (-73.4722156 41.3305782),DC Fast only,116,1-3
"DoubleTree by Hilton - Norwalk, CT - Tesla Destination",789 Connecticut Ave,Norwalk,24 hours daily; see front desk for access,0,1,0,NONE,POINT (-73.453043 41.092037),Daily,41.092037,-73.453043,1,41.675523820136775,33.62642581078877,POINT (-73.453043 41.092037),Level 2 only,308,1-3
BIG Y FOODS,140 suit A West Rd,Ellington,24 hours daily,0,2,0,NONE,POINT (-72.46388 41.888958),Daily,41.888958,-72.46388,2,97.16289786145546,99.07927883673048,POINT (-72.46388 41.888958),Level 2 only,309,1-3
Wrap N Shine Auto Spa - Tesla Destination,97 Bridgeport Ave #10,Shelton,24 hours daily; for customer use only,0,1,0,NONE,POINT (-73.097982 41.310498),Daily,41.310498,-73.097982,1,36.76416781441877,31.23132577990622,POINT (-73.097982 41.310498),Level 2 only,310,1-3
Western Connecticut State University,190 White St,Danbury,24 hours daily,0,3,0,NONE,POINT (-73.442053 41.39936),Daily,41.39936,-73.442053,3,8.29884046892461,1.1201083398764144,POINT (-73.442053 41.39936),Level 2 only,311,1-3
MINI OF FFD CTY,154 US-1 154 post rd,Darien,24 hours daily,0,2,0,NONE,POINT (-73.4569573 41.089032),Daily,41.089032,-73.4569573,2,41.98846702757985,33.960948156762306,POINT (-73.4569573 41.089032),Level 2 only,312,1-3
Delamar West Hartford - Tesla Destination,1 Memorial Rd,West Hartford,24 hours daily; for customer use only,0,3,0,NONE,POINT (-72.737672 41.760566),Daily,41.760566,-72.737672,3,70.38377854554669,72.24231856960404,POINT (-72.737672 41.760566),Level 2 only,313,1-3
Connecticut Department of Motor Vehicles,60 State St,Wethersfield,8am-5pm m-f,0,1,0,NONE,POINT (-72.655754 41.71866250000001),Other,41.71866250000001,-72.655754,1,74.64985532341508,75.6853064928859,POINT (-72.655754 41.71866250000001),Level 2 only,286,1-3
Mill Plain Diner - Tesla Destination,14 Mill Plain Rd,Danbury,24 hours daily; for customer use only,0,1,0,NONE,POINT (-73.494706 41.38756),Daily,41.38756,-73.494706,1,8.79780095010529,3.49767676452439,POINT (-73.494706 41.38756),Level 2 only,314,1-3
Sherman Green,1451 Post Rd,Fairfield,24 hours daily,0,1,0,NONE,POINT (-73.256774 41.140584),Daily,41.140584,-73.256774,1,40.95760055708904,32.71631574818028,POINT (-73.256774 41.140584),Level 2 only,315,1-3
Stamford Government Center Garage,888 Washington Blvd,Stamford,24 hours daily,0,3,0,NONE,POINT (-73.542499 41.051637),Daily,41.051637,-73.542499,3,46.317791121257024,38.82847302969548,POINT (-73.542499 41.051637),Level 2 only,316,1-3
Z Airport Parking,3 International Dr,East Granby,24 hours daily,0,1,0,NONE,POINT (-72.709138 41.928233),Daily,41.928233,-72.709138,1,82.51385215529035,85.78283244952193,POINT (-72.709138 41.928233),Level 2 only,317,1-3
Hyatt Regency Greenwich - Tesla Destination,1800 E Putnam Ave,Greenwich,24 hours daily; for customer use only,0,2,0,NONE,POINT (-73.566753 41.046329),Daily,41.046329,-73.566753,2,47.15395254911058,39.840351872243474,POINT (-73.566753 41.046329),Level 2 only,318,1-3
Surface Parking Lot,121 Main St,New Britain,24 hours daily,0,2,0,NONE,POINT (-72.781161 41.666233),Daily,41.666233,-72.781161,2,62.812522832473675,63.733307072321495,POINT (-72.781161 41.666233),Level 2 only,319,1-3
Deep River Library,150 Main St,Deep River,24 hours daily; see code on the face of charger or ask librarian to initiate charge,1,1,0,NONE,POINT (-72.43670100000001 41.386805),Daily,41.386805,-72.43670100000001,2,88.12924983467693,85.08817896539995,POINT (-72.43670100000001 41.386805),Level 1 and 2,320,1-3
State House Square,10-90 State House Square,Hartford,24 hours daily,0,1,0,NONE,POINT (-72.671417 41.766822),Daily,41.766822,-72.671417,1,75.62000680704243,77.2409612846961,POINT (-72.671417 41.766822),Level 2 only,321,1-3
City of Milford - Train Station Parking,1 Railroad Ave,Milford,24 hours daily,0,2,0,NONE,POINT (-73.060012 41.222682),Daily,41.222682,-73.060012,2,44.74794980275987,38.1322884523995,POINT (-73.060012 41.222682),Level 2 only,322,1-3
Hammonasset Beach State Park - Meig's Point Nature Center,1288 Boston Post Rd,Madison,24 hours daily,0,4,0,NONE,POINT (-72.546017 41.251952),Daily,41.251952,-72.546017,4,82.1579746608995,77.65740964964459,POINT (-72.546017 41.251952),Level 2 only,23,4-6
Grossman Nissan,295 Middlesex Turnpike,Old Saybrook,dealership business hours,0,1,1,NONE,POINT (-72.383105 41.309276),Business Hours,41.309276,-72.383105,2,93.85684206067245,90.1213101849553,POINT (-72.383105 41.309276),Level 2 and DC Fast,323,1-3
"Saybrook Point Inn, Spa & Marina - Tesla Destination",2 Bridge St,Old Saybrook,24 hours daily; for customer use only,0,4,0,NONE,POINT (-72.351072 41.28331),Daily,41.28331,-72.351072,4,97.07222763877324,93.1450691766293,POINT (-72.351072 41.28331),Level 2 only,144,4-6
Fairfield Train Station Overflow Lot,140 Mill Plain Rd,Fairfield,24 hours daily; pay lot,0,1,0,NONE,POINT (-73.264399 41.142923),Daily,41.142923,-73.264399,1,40.43143599914274,32.171975958648375,POINT (-73.264399 41.142923),Level 2 only,324,1-3
Metro Center 1,One Station Place,Stamford,mon: 24 hours | tue: 24 hours | wed: 24 hours | thu: 24 hours | fri: 24 hours | sat: 24 hours | sun: 24 hours,0,1,0,NONE,POINT (-73.542177 41.046112),Daily,41.046112,-73.542177,1,46.92545002906245,39.42590518033308,POINT (-73.542177 41.046112),Level 2 only,325,1-3
Dinosaur State Park and Arboretum,400 West St,Rockyhill,park business hours,0,2,0,NONE,POINT (-72.658514 41.651179),Business Hours,41.651179,-72.658514,2,71.98676087292833,72.24441247788896,POINT (-72.658514 41.651179),Level 2 only,326,1-3
Staples High School,70 North Avenue,Westport,mo: not specified; tu: not specified; we: not specified; th: not specified; fr: not specified; sa: not specified; su: not specified,0,2,0,NONE,POINT (-73.3304754 41.1526176),Other,41.1526176,-73.3304754,2,37.201975929688764,28.821204123674516,POINT (-73.3304754 41.1526176),Level 2 only,327,1-3
Windham Town Hall,979 Main St,Windham,24 hours daily,0,2,0,NONE,POINT (-72.217506 41.71292),Daily,41.71292,-72.217506,2,109.22508545635237,109.03886536584464,POINT (-72.217506 41.71292),Level 2 only,328,1-3
West Hartford - Town Hall,50 S Main St,West Hartford,parking lot business hours,0,2,0,NONE,POINT (-72.741204 41.758754),Business Hours,41.758754,-72.741204,2,70.03039674126627,71.88626744520145,POINT (-72.741204 41.758754),Level 2 only,329,1-3
Connecticut Welcome Center - Tesla Supercharger,1 E Trail,Darien,24 hours daily; for tesla use only,0,0,4,NONE,POINT (-73.46135 41.080103),Tesla,41.080103,-73.46135,4,42.95946274221377,34.95707950269634,POINT (-73.46135 41.080103),DC Fast only,175,4-6
City of New Haven - Temple Street Garage,1 Temple St,New Haven,24 hours daily; pay lot,0,3,0,NONE,POINT (-72.928369 41.304245),Daily,41.304245,-72.928369,3,49.976272794665036,45.125862778213786,POINT (-72.928369 41.304245),Level 2 only,330,1-3
Minor Memorial Library,23 South St,Roxbury,24 hours daily,0,1,0,NONE,POINT (-73.30764000000002 41.55358),Daily,41.55358,-73.30764000000002,1,17.733847717963233,21.456790759902113,POINT (-73.30764000000002 41.55358),Level 2 only,331,1-3
Szczesny Parking Garage,31 Bank St,New Britain,24 hours daily,0,2,0,NONE,POINT (-72.78037 41.666879),Daily,41.666879,-72.78037,2,62.8993300611196,63.8251668846195,POINT (-72.78037 41.666879),Level 2 only,332,1-3
GE WS - Price Chopper #243 Storrs CT 1,1220  Storrs Rd,Mansfield,24 hours daily,0,1,0,NONE,POINT (-72.241254 41.80199700000001),Daily,41.80199700000001,-72.241254,1,110.18130360066651,110.75882402288784,POINT (-72.241254 41.80199700000001),Level 2 only,236,1-3
AAMCO EV,133 Pitkin St,East Hartford,24 hours daily,0,2,0,NONE,POINT (-72.65266880000001 41.7632299),Daily,41.7632299,-72.65266880000001,2,76.85521993993262,78.35887864526202,POINT (-72.65266880000001 41.7632299),Level 2 only,333,1-3
Winvian Farm - Tesla Destination,155 Alain White Rd,Morris,24 hours daily; for customer use only; see front desk for access,0,3,0,NONE,POINT (-73.201059 41.697035),Daily,41.697035,-73.201059,3,34.914423301431576,39.649688464525255,POINT (-73.201059 41.697035),Level 2 only,334,1-3
Brass Mill Center - Entrance 3,495 Union St,Waterbury,6am-12pm daily,0,4,0,NONE,POINT (-73.023973 41.549008),Daily,41.549008,-73.023973,4,39.620733281464325,39.79511139746933,POINT (-73.023973 41.549008),Level 2 only,10,4-6
COMM LOT STA 1,13 Durant Ave.,Bethel,24 hours daily,0,2,0,NONE,POINT (-73.4178034 41.3762377),Daily,41.3762377,-73.4178034,2,11.51755223724386,3.664660861092067,POINT (-73.4178034 41.3762377),Level 2 only,335,1-3
Waterbury-Oxford Airport,300 Christian St,Oxford,24 hours daily,0,2,0,NONE,POINT (-73.146142 41.477151000000006),Daily,41.477151000000006,-73.146142,2,28.387035377067278,27.30768227839963,POINT (-73.146142 41.477151000000006),Level 2 only,336,1-3
Shagbark Lumber and Farm Supply,1 Mt Parnassus Millington Rd,East Haddam,24 hours daily,0,1,0,NONE,POINT (-72.442533 41.463278),Daily,41.463278,-72.442533,1,87.14592385373766,84.8873720728388,POINT (-72.442533 41.463278),Level 2 only,337,1-3
Metro Green Residential Parking - Tesla Destination,717  Atlantic St,Stamford,24 hours daily,0,3,0,NONE,POINT (-73.540098 41.04514),Daily,41.04514,-73.540098,3,47.01562738773438,39.499719186166665,POINT (-73.540098 41.04514),Level 2 only,338,1-3
Hartford Road Henny Penny,969 Hartford Road,Waterford,mo: 12:00am-12:00am; tu: 12:00am-12:00am; we: 12:00am-12:00am; th: 12:00am-12:00am; fr: 12:00am-12:00am; sa: 12:00am-12:00am; su: 12:00am-12:00am,0,2,0,NONE,POINT (-72.1591426 41.3874871),Other,41.3874871,-72.1591426,2,111.23045221376854,108.29944805299138,POINT (-72.1591426 41.3874871),Level 2 only,339,1-3
FOXWOODS,101 Trolley Line Blvd,Mashantucket,24 hours daily,0,2,0,NONE,POINT (-71.9523342 41.469981700000005),Daily,41.469981700000005,-71.9523342,2,128.08986673260114,125.79027406517693,POINT (-71.9523342 41.469981700000005),Level 2 only,340,1-3
Convention Center - Hartford,100 Columbus Blvd,Hartford,24 hours daily; pay lot,0,6,0,NONE,POINT (-72.668973 41.762852),Daily,41.762852,-72.668973,6,75.61174898974954,77.18050650097965,POINT (-72.668973 41.762852),Level 2 only,341,4-6
County Line Buick-Nissan,2191 Straits Turnpike,Middlebury,dealership business hours,0,1,0,NONE,POINT (-73.098764 41.568122),Business Hours,41.568122,-73.098764,1,34.21318049761195,35.36660965829316,POINT (-73.098764 41.568122),Level 2 only,342,1-3
MYSTIC AQUARIUM,55 Coogan Blvd,Mystic,24 hours daily,0,0,1,NONE,POINT (-71.954088 41.373074),Daily,41.373074,-71.954088,1,128.45754004327503,125.48282901725547,POINT (-71.954088 41.373074),DC Fast only,343,1-3
University of Connecticut - Waterbury,99 E Main St,Waterbury,24 hours daily,0,2,0,NONE,POINT (-73.038135 41.555816),Daily,41.555816,-73.038135,2,38.656672191611165,39.069207516959395,POINT (-73.038135 41.555816),Level 2 only,344,1-3
Danbury Parking Authority,21 Delay St,Danbury,garage business hours,0,2,0,NONE,POINT (-73.451059 41.396042),Business Hours,41.396042,-73.451059,2,8.341362998230286,0.28189002209655234,POINT (-73.451059 41.396042),Level 2 only,345,1-3
INFINITYGREEN,201 Commons Park S,Stamford,24 hours daily,0,2,0,NONE,POINT (-73.5405387 41.040838),Daily,41.040838,-73.5405387,2,47.49473003284439,39.97625965215049,POINT (-73.5405387 41.040838),Level 2 only,346,1-3
City of Hartford - City Hall,35 Arch St,Hartford,24 hours daily,0,1,0,NONE,POINT (-72.672842 41.762206),Daily,41.762206,-72.672842,1,75.29054599143885,76.86917765721209,POINT (-72.672842 41.762206),Level 2 only,347,1-3
White Hart Inn - Tesla Destination,15 Undermountain Rd,Salisbury,24 hours daily; for customer use only,0,1,0,NONE,POINT (-73.42219800000001 41.98483),Daily,41.98483,-73.42219800000001,1,57.81350813837708,65.58462792898374,POINT (-73.42219800000001 41.98483),Level 2 only,348,1-3
Premier Subaru,155 N Main St,Branford,24 hours daily,0,2,0,NONE,POINT (-72.813257 41.287914),Daily,41.287914,-72.813257,2,59.64408151749657,54.929179477014245,POINT (-72.813257 41.287914),Level 2 only,349,1-3
Central Connecticut State University - Student Center Parking Garage,165 Ella Grasso Blvd,New Britain,24 hours daily,0,3,0,NONE,POINT (-72.7663278757019 41.6938875513217),Daily,41.6938875513217,-72.7663278757019,3,65.08865439157172,66.30007185278976,POINT (-72.7663278757019 41.6938875513217),Level 2 only,350,1-3
University of Connecticut - South Parking Garage,505 Jim Calhoun Way,Storrs,garage business hours,0,2,0,NONE,POINT (-72.253601 41.805152),Business Hours,41.805152,-72.253601,2,109.33142104553717,109.96254724364395,POINT (-72.253601 41.805152),Level 2 only,351,1-3
Carter Chevrolet,175 Hartford Turnpike,Vernon,dealership business hours,0,2,1,NONE,POINT (-72.5009065449829 41.8218766595564),Business Hours,41.8218766595564,-72.5009065449829,3,91.0429440307543,92.52866272642147,POINT (-72.5009065449829 41.8218766595564),Level 2 and DC Fast,352,1-3
Dunkin' Donuts,189 Forbes Ave,New Haven,24 hours daily,0,0,1,NONE,POINT (-72.9 41.294167),Daily,41.294167,-72.9,1,52.59693426759433,47.69656690272932,POINT (-72.9 41.294167),DC Fast only,353,1-3
Bloomfield Human Services Center,330 Park Avenue,Bloomfield,mo: not specified; tu: not specified; we: not specified; th: not specified; fr: not specified; sa: not specified; su: not specified,0,2,0,NONE,POINT (-72.712466 41.8234945),Other,41.8234945,-72.712466,2,75.64152393466652,78.02239208233523,POINT (-72.712466 41.8234945),Level 2 only,354,1-3
Grand Central Fashion Plaza Shopping Center - Tesla Supercharger,1145 High Ridge Rd,North Stamford,24 hours daily; for tesla use only,0,0,8,NONE,POINT (-73.546513 41.107722),Tesla,41.107722,-73.546513,8,40.168389771001024,32.81349046307196,POINT (-73.546513 41.107722),DC Fast only,355,7-9
University of Connecticut - North Parking Garage,103 N Eagleville Rd,Storrs,garage business hours,0,2,0,NONE,POINT (-72.258277 41.809176),Business Hours,41.809176,-72.258277,2,109.11778540156081,109.79167080805732,POINT (-72.258277 41.809176),Level 2 only,356,1-3
Fairfield SB - Tesla Supercharger,267 Round Hill Road,Fairfield,24 hours daily; for tesla use only,0,0,8,NONE,POINT (-73.255573 41.14807),Tesla,41.14807,-73.255573,8,40.27230565299709,32.05317920458689,POINT (-73.255573 41.14807),DC Fast only,357,7-9
Fairfield Woods Library,1147 Fairfield Woods Rd,Fairfield,24 hours daily,0,1,0,NONE,POINT (-73.250024 41.187855),Daily,41.187855,-73.250024,1,36.69842023326008,28.64034176668483,POINT (-73.250024 41.187855),Level 2 only,358,1-3
Yankee Doodle,10 Burnell Boulevard,Norwalk,mon: 24 hours | tue: 24 hours | wed: 24 hours | thu: 24 hours | fri: 24 hours | sat: 24 hours | sun: 24 hours,0,1,0,NONE,POINT (-73.414932 41.11803),Daily,41.11803,-73.414932,1,39.15014109271268,30.913632680055233,POINT (-73.414932 41.11803),Level 2 only,359,1-3
Lee Partyka Chevrolet Mazda Isuzu,200 Skiff St,Hamden,dealership business hours,0,3,0,NONE,POINT (-72.9100121 41.3729709),Business Hours,41.3729709,-72.9100121,3,49.23306127519609,45.567429458359115,POINT (-72.9100121 41.3729709),Level 2 only,360,1-3
777 MAIN ST,71 Asylum St,Hartford,24 hours daily,0,10,1,NONE,POINT (-72.674468 41.766676),Daily,41.766676,-72.674468,11,75.38477733239824,77.01747954355362,POINT (-72.674468 41.766676),Level 2 and DC Fast,361,10+
Norwich Public Utilities,173 N Main St,Norwich,24 hours daily,0,4,0,NONE,POINT (-72.063516 41.52757900000001),Daily,41.52757900000001,-72.063516,4,118.94292867616998,117.10097278122144,POINT (-72.063516 41.52757900000001),Level 2 only,362,4-6
Fairfield Plaza,116 Danbury Rd,New Milford,24 hours daily,0,0,1,NONE,POINT (-73.41763 41.55735),Daily,41.55735,-73.41763,1,11.581018190342991,18.30541259996865,POINT (-73.41763 41.55735),DC Fast only,363,1-3
Eastern Connecticut State University - Shakespeare Parking Garage,24 Charger Oak Dr,Willimantic,24 hours daily,0,4,0,NONE,POINT (-72.208134 41.7385909),Daily,41.7385909,-72.208134,4,110.70539816969242,110.70997248645477,POINT (-72.208134 41.7385909),Level 2 only,364,4-6
